sin^{2}(2\theta),|Delta m^{2}|,Likelihood
0.8,0.002,37.0817
0.8,0.00201,36.2359
0.8,0.00202,35.4007
0.8,0.00203,34.5764
0.8,0.00204,33.7631
0.8,0.00205,32.9608
0.8,0.00206,32.1696
0.8,0.00207,31.3898
0.8,0.00208,30.6213
0.8,0.00209,29.8642
0.8,0.0021,29.1187
0.8,0.00211,28.3849
0.8,0.00212,27.663
0.8,0.00213,26.9529
0.8,0.00214,26.2546
0.8,0.00215,25.5683
0.8,0.00216,24.894
0.8,0.00217,24.2318
0.8,0.00218,23.5817
0.8,0.00219,22.944
0.8,0.0022,22.3186
0.8,0.00221,21.7056
0.8,0.00222,21.1051
0.8,0.00223,20.5172
0.8,0.00224,19.9421
0.8,0.00225,19.3811
0.8,0.00226,18.8329
0.8,0.00227,18.2974
0.8,0.00228,17.7748
0.8,0.00229,17.2652
0.8,0.0023,16.7685
0.8,0.00231,16.2849
0.8,0.00232,15.8144
0.8,0.00233,15.3571
0.8,0.00234,14.913
0.8,0.00235,14.4822
0.8,0.00236,14.0647
0.8,0.00237,13.6605
0.8,0.00238,13.2657
0.8,0.00239,12.8837
0.8,0.0024,12.5153
0.8,0.00241,12.1604
0.8,0.00242,11.8192
0.8,0.00243,11.4916
0.8,0.00244,11.1777
0.8,0.00245,10.8775
0.8,0.00246,10.591
0.8,0.00247,10.3184
0.8,0.00248,10.0595
0.8,0.00249,9.81441
0.8,0.0025,9.5832
0.8,0.00251,9.36586
0.8,0.00252,9.16219
0.8,0.00253,8.97236
0.8,0.00254,8.79649
0.8,0.00255,8.63455
0.8,0.00256,8.48654
0.8,0.00257,8.35248
0.8,0.00258,8.23239
0.8,0.00259,8.12627
0.8,0.0026,8.03414
0.8,0.00261,7.95601
0.8,0.00262,7.89188
0.8,0.00263,7.84176
0.8,0.00264,7.80566
0.8,0.00265,7.78359
0.8,0.00266,7.77553
0.8,0.00267,7.77759
0.8,0.00268,7.79338
0.8,0.00269,7.82319
0.8,0.0027,7.86703
0.8,0.00271,7.92489
0.8,0.00272,7.99678
0.8,0.00273,8.08267
0.8,0.00274,8.18257
0.8,0.00275,8.29647
0.8,0.00276,8.42435
0.8,0.00277,8.5662
0.8,0.00278,8.72202
0.8,0.00279,8.89177
0.8,0.0028,9.07546
0.805,0.002,36.1971
0.805,0.00201,35.3521
0.805,0.00202,34.518
0.805,0.00203,33.6948
0.805,0.00204,32.8828
0.805,0.00205,32.082
0.805,0.00206,31.2924
0.805,0.00207,30.5143
0.805,0.00208,29.7477
0.805,0.00209,28.9927
0.805,0.0021,28.2495
0.805,0.00211,27.518
0.805,0.00212,26.7986
0.805,0.00213,26.0911
0.805,0.00214,25.3956
0.805,0.00215,24.7123
0.805,0.00216,24.041
0.805,0.00217,23.3821
0.805,0.00218,22.7355
0.805,0.00219,22.1013
0.805,0.0022,21.4797
0.805,0.00221,20.8706
0.805,0.00222,20.2742
0.805,0.00223,19.6906
0.805,0.00224,19.1199
0.805,0.00225,18.5635
0.805,0.00226,18.02
0.805,0.00227,17.4894
0.805,0.00228,16.9719
0.805,0.00229,16.4675
0.805,0.0023,15.9763
0.805,0.00231,15.4983
0.805,0.00232,15.0336
0.805,0.00233,14.5822
0.805,0.00234,14.1442
0.805,0.00235,13.7196
0.805,0.00236,13.3086
0.805,0.00237,12.911
0.805,0.00238,12.5229
0.805,0.00239,12.1479
0.805,0.0024,11.7865
0.805,0.00241,11.4389
0.805,0.00242,11.105
0.805,0.00243,10.785
0.805,0.00244,10.4789
0.805,0.00245,10.1866
0.805,0.00246,9.9083
0.805,0.00247,9.64392
0.805,0.00248,9.39351
0.805,0.00249,9.1571
0.805,0.0025,8.93471
0.805,0.00251,8.72636
0.805,0.00252,8.53182
0.805,0.00253,8.35135
0.805,0.00254,8.18497
0.805,0.00255,8.0327
0.805,0.00256,7.89453
0.805,0.00257,7.77049
0.805,0.00258,7.6606
0.805,0.00259,7.56486
0.805,0.0026,7.48329
0.805,0.00261,7.41589
0.805,0.00262,7.36268
0.805,0.00263,7.32366
0.805,0.00264,7.29884
0.805,0.00265,7.28822
0.805,0.00266,7.2918
0.805,0.00267,7.30557
0.805,0.00268,7.33324
0.805,0.00269,7.37511
0.805,0.0027,7.43119
0.805,0.00271,7.50148
0.805,0.00272,7.58597
0.805,0.00273,7.68465
0.805,0.00274,7.79751
0.805,0.00275,7.92455
0.805,0.00276,8.06575
0.805,0.00277,8.22111
0.805,0.00278,8.39061
0.805,0.00279,8.57423
0.805,0.0028,8.77196
0.81,0.002,35.323
0.81,0.00201,34.479
0.81,0.00202,33.646
0.81,0.00203,32.8242
0.81,0.00204,32.0136
0.81,0.00205,31.2144
0.81,0.00206,30.4266
0.81,0.00207,29.6504
0.81,0.00208,28.8858
0.81,0.00209,28.1331
0.81,0.0021,27.3922
0.81,0.00211,26.6632
0.81,0.00212,25.9465
0.81,0.00213,25.2418
0.81,0.00214,24.5493
0.81,0.00215,23.869
0.81,0.00216,23.2011
0.81,0.00217,22.5456
0.81,0.00218,21.9026
0.81,0.00219,21.2722
0.81,0.0022,20.6545
0.81,0.00221,20.0495
0.81,0.00222,19.4574
0.81,0.00223,18.8782
0.81,0.00224,18.3121
0.81,0.00225,17.7605
0.81,0.00226,17.2219
0.81,0.00227,16.6965
0.81,0.00228,16.1843
0.81,0.00229,15.6853
0.81,0.0023,15.1997
0.81,0.00231,14.7275
0.81,0.00232,14.2688
0.81,0.00233,13.8236
0.81,0.00234,13.3919
0.81,0.00235,12.9738
0.81,0.00236,12.5694
0.81,0.00237,12.1787
0.81,0.00238,11.7975
0.81,0.00239,11.4296
0.81,0.0024,11.0755
0.81,0.00241,10.7354
0.81,0.00242,10.4092
0.81,0.00243,10.097
0.81,0.00244,9.7989
0.81,0.00245,9.51484
0.81,0.00246,9.24488
0.81,0.00247,8.98903
0.81,0.00248,8.74734
0.81,0.00249,8.51982
0.81,0.0025,8.30649
0.81,0.00251,8.10739
0.81,0.00252,7.9223
0.81,0.00253,7.75141
0.81,0.00254,7.59479
0.81,0.00255,7.45244
0.81,0.00256,7.32439
0.81,0.00257,7.21064
0.81,0.00258,7.11122
0.81,0.00259,7.02614
0.81,0.0026,6.95541
0.81,0.00261,6.89903
0.81,0.00262,6.85703
0.81,0.00263,6.82939
0.81,0.00264,6.81614
0.81,0.00265,6.81728
0.81,0.00266,6.8328
0.81,0.00267,6.85858
0.81,0.00268,6.89842
0.81,0.00269,6.95266
0.81,0.0027,7.02129
0.81,0.00271,7.10431
0.81,0.00272,7.20171
0.81,0.00273,7.31349
0.81,0.00274,7.43963
0.81,0.00275,7.58014
0.81,0.00276,7.73499
0.81,0.00277,7.90417
0.81,0.00278,8.08768
0.81,0.00279,8.28549
0.81,0.0028,8.4976
0.815,0.002,34.4595
0.815,0.00201,33.6167
0.815,0.00202,32.785
0.815,0.00203,31.9646
0.815,0.00204,31.1556
0.815,0.00205,30.3581
0.815,0.00206,29.5723
0.815,0.00207,28.7981
0.815,0.00208,28.0358
0.815,0.00209,27.2854
0.815,0.0021,26.547
0.815,0.00211,25.8208
0.815,0.00212,25.1069
0.815,0.00213,24.4052
0.815,0.00214,23.7158
0.815,0.00215,23.0388
0.815,0.00216,22.3744
0.815,0.00217,21.7225
0.815,0.00218,21.0833
0.815,0.00219,20.4568
0.815,0.0022,19.8432
0.815,0.00221,19.2426
0.815,0.00222,18.6549
0.815,0.00223,18.0803
0.815,0.00224,17.519
0.815,0.00225,16.9724
0.815,0.00226,16.4389
0.815,0.00227,15.9189
0.815,0.00228,15.4121
0.815,0.00229,14.9189
0.815,0.0023,14.4391
0.815,0.00231,13.9729
0.815,0.00232,13.5203
0.815,0.00233,13.0815
0.815,0.00234,12.6563
0.815,0.00235,12.2449
0.815,0.00236,11.8474
0.815,0.00237,11.4638
0.815,0.00238,11.0898
0.815,0.00239,10.7292
0.815,0.0024,10.3827
0.815,0.00241,10.0503
0.815,0.00242,9.73201
0.815,0.00243,9.42793
0.815,0.00244,9.13805
0.815,0.00245,8.86242
0.815,0.00246,8.60106
0.815,0.00247,8.354
0.815,0.00248,8.12128
0.815,0.00249,7.90291
0.815,0.0025,7.69892
0.815,0.00251,7.50936
0.815,0.00252,7.33396
0.815,0.00253,7.17291
0.815,0.00254,7.0263
0.815,0.00255,6.89416
0.815,0.00256,6.77649
0.815,0.00257,6.67332
0.815,0.00258,6.58466
0.815,0.00259,6.51052
0.815,0.0026,6.45091
0.815,0.00261,6.40585
0.815,0.00262,6.37534
0.815,0.00263,6.35939
0.815,0.00264,6.35801
0.815,0.00265,6.3712
0.815,0.00266,6.39897
0.815,0.00267,6.43705
0.815,0.00268,6.48939
0.815,0.00269,6.5563
0.815,0.0027,6.6378
0.815,0.00271,6.73386
0.815,0.00272,6.8445
0.815,0.00273,6.96969
0.815,0.00274,7.10944
0.815,0.00275,7.26374
0.815,0.00276,7.43256
0.815,0.00277,7.61591
0.815,0.00278,7.81376
0.815,0.00279,8.0261
0.815,0.0028,8.25292
0.82,0.002,33.6069
0.82,0.00201,32.7653
0.82,0.00202,31.9351
0.82,0.00203,31.1163
0.82,0.00204,30.309
0.82,0.00205,29.5135
0.82,0.00206,28.7296
0.82,0.00207,27.9577
0.82,0.00208,27.1978
0.82,0.00209,26.4499
0.82,0.0021,25.7143
0.82,0.00211,24.9909
0.82,0.00212,24.28
0.82,0.00213,23.5814
0.82,0.00214,22.8953
0.82,0.00215,22.2219
0.82,0.00216,21.561
0.82,0.00217,20.9129
0.82,0.00218,20.2777
0.82,0.00219,19.6554
0.82,0.0022,19.0461
0.82,0.00221,18.4499
0.82,0.00222,17.8669
0.82,0.00223,17.2971
0.82,0.00224,16.7409
0.82,0.00225,16.1994
0.82,0.00226,15.6713
0.82,0.00227,15.1568
0.82,0.00228,14.6557
0.82,0.00229,14.1683
0.82,0.0023,13.6946
0.82,0.00231,13.2347
0.82,0.00232,12.7885
0.82,0.00233,12.3562
0.82,0.00234,11.9378
0.82,0.00235,11.5334
0.82,0.00236,11.143
0.82,0.00237,10.7666
0.82,0.00238,10.4001
0.82,0.00239,10.0471
0.82,0.0024,9.70837
0.82,0.00241,9.38391
0.82,0.00242,9.07378
0.82,0.00243,8.77802
0.82,0.00244,8.49664
0.82,0.00245,8.22969
0.82,0.00246,7.97719
0.82,0.00247,7.73918
0.82,0.00248,7.51568
0.82,0.00249,7.30672
0.82,0.0025,7.11235
0.82,0.00251,6.93261
0.82,0.00252,6.76715
0.82,0.00253,6.61621
0.82,0.00254,6.4799
0.82,0.00255,6.35824
0.82,0.00256,6.25124
0.82,0.00257,6.15893
0.82,0.00258,6.08131
0.82,0.00259,6.01841
0.82,0.0026,5.97022
0.82,0.00261,5.93677
0.82,0.00262,5.91806
0.82,0.00263,5.9141
0.82,0.00264,5.92489
0.82,0.00265,5.95045
0.82,0.00266,5.99077
0.82,0.00267,6.04147
0.82,0.00268,6.10661
0.82,0.00269,6.18652
0.82,0.0027,6.28119
0.82,0.00271,6.39063
0.82,0.00272,6.51482
0.82,0.00273,6.65377
0.82,0.00274,6.80745
0.82,0.00275,6.97587
0.82,0.00276,7.159
0.82,0.00277,7.35685
0.82,0.00278,7.56938
0.82,0.00279,7.7966
0.82,0.0028,8.03847
0.825,0.002,32.7652
0.825,0.00201,31.925
0.825,0.00202,31.0964
0.825,0.00203,30.2794
0.825,0.00204,29.474
0.825,0.00205,28.6805
0.825,0.00206,27.8989
0.825,0.00207,27.1294
0.825,0.00208,26.372
0.825,0.00209,25.6269
0.825,0.0021,24.8941
0.825,0.00211,24.1738
0.825,0.00212,23.466
0.825,0.00213,22.7707
0.825,0.00214,22.0881
0.825,0.00215,21.4183
0.825,0.00216,20.7613
0.825,0.00217,20.1172
0.825,0.00218,19.4861
0.825,0.00219,18.8682
0.825,0.0022,18.2634
0.825,0.00221,17.6719
0.825,0.00222,17.0937
0.825,0.00223,16.5289
0.825,0.00224,15.9779
0.825,0.00225,15.4418
0.825,0.00226,14.9193
0.825,0.00227,14.4104
0.825,0.00228,13.9153
0.825,0.00229,13.434
0.825,0.0023,12.9666
0.825,0.00231,12.5131
0.825,0.00232,12.0736
0.825,0.00233,11.6481
0.825,0.00234,11.2367
0.825,0.00235,10.8394
0.825,0.00236,10.4564
0.825,0.00237,10.0875
0.825,0.00238,9.7287
0.825,0.00239,9.38354
0.825,0.0024,9.05281
0.825,0.00241,8.73657
0.825,0.00242,8.43483
0.825,0.00243,8.14763
0.825,0.00244,7.875
0.825,0.00245,7.61699
0.825,0.00246,7.37362
0.825,0.00247,7.14491
0.825,0.00248,6.93091
0.825,0.00249,6.73164
0.825,0.0025,6.54718
0.825,0.00251,6.37751
0.825,0.00252,6.22225
0.825,0.00253,6.08171
0.825,0.00254,5.95598
0.825,0.00255,5.84509
0.825,0.00256,5.74905
0.825,0.00257,5.66789
0.825,0.00258,5.60161
0.825,0.00259,5.55023
0.825,0.0026,5.51377
0.825,0.00261,5.49223
0.825,0.00262,5.48563
0.825,0.00263,5.49396
0.825,0.00264,5.51724
0.825,0.00265,5.55548
0.825,0.00266,5.60867
0.825,0.00267,5.67232
0.825,0.00268,5.75058
0.825,0.00269,5.84381
0.825,0.0027,5.95199
0.825,0.00271,6.07512
0.825,0.00272,6.21321
0.825,0.00273,6.36623
0.825,0.00274,6.53419
0.825,0.00275,6.71707
0.825,0.00276,6.91486
0.825,0.00277,7.12754
0.825,0.00278,7.35511
0.825,0.00279,7.59755
0.825,0.0028,7.85483
0.83,0.002,31.9346
0.83,0.00201,31.0961
0.83,0.00202,30.2692
0.83,0.00203,29.454
0.83,0.00204,28.6508
0.83,0.00205,27.8595
0.83,0.00206,27.0803
0.83,0.00207,26.3133
0.83,0.00208,25.5586
0.83,0.00209,24.8163
0.83,0.0021,24.0866
0.83,0.00211,23.3695
0.83,0.00212,22.6651
0.83,0.00213,21.9733
0.83,0.00214,21.2944
0.83,0.00215,20.6284
0.83,0.00216,19.9754
0.83,0.00217,19.3355
0.83,0.00218,18.7088
0.83,0.00219,18.0953
0.83,0.0022,17.4952
0.83,0.00221,16.9086
0.83,0.00222,16.3355
0.83,0.00223,15.7759
0.83,0.00224,15.2303
0.83,0.00225,14.6998
0.83,0.00226,14.1831
0.83,0.00227,13.6802
0.83,0.00228,13.1912
0.83,0.00229,12.7162
0.83,0.0023,12.2553
0.83,0.00231,11.8085
0.83,0.00232,11.3758
0.83,0.00233,10.9574
0.83,0.00234,10.5532
0.83,0.00235,10.1634
0.83,0.00236,9.78788
0.83,0.00237,9.42684
0.83,0.00238,9.07589
0.83,0.00239,8.73882
0.83,0.0024,8.41637
0.83,0.00241,8.10858
0.83,0.00242,7.81548
0.83,0.00243,7.5371
0.83,0.00244,7.2735
0.83,0.00245,7.02468
0.83,0.00246,6.7907
0.83,0.00247,6.57157
0.83,0.00248,6.36734
0.83,0.00249,6.17807
0.83,0.0025,6.00377
0.83,0.00251,5.84443
0.83,0.00252,5.69967
0.83,0.00253,5.5698
0.83,0.00254,5.45495
0.83,0.00255,5.35512
0.83,0.00256,5.27034
0.83,0.00257,5.20062
0.83,0.00258,5.14599
0.83,0.00259,5.10644
0.83,0.0026,5.08201
0.83,0.00261,5.0727
0.83,0.00262,5.07851
0.83,0.00263,5.09946
0.83,0.00264,5.13555
0.83,0.00265,5.18678
0.83,0.00266,5.25317
0.83,0.00267,5.33009
0.83,0.00268,5.4218
0.83,0.00269,5.52868
0.83,0.0027,5.6507
0.83,0.00271,5.78787
0.83,0.00272,5.94018
0.83,0.00273,6.10763
0.83,0.00274,6.29021
0.83,0.00275,6.4879
0.83,0.00276,6.70069
0.83,0.00277,6.92857
0.83,0.00278,7.17153
0.83,0.00279,7.42955
0.83,0.0028,7.7026
0.835,0.002,31.1153
0.835,0.00201,30.2785
0.835,0.00202,29.4535
0.835,0.00203,28.6405
0.835,0.00204,27.8394
0.835,0.00205,27.0505
0.835,0.00206,26.2739
0.835,0.00207,25.5096
0.835,0.00208,24.7578
0.835,0.00209,24.0186
0.835,0.0021,23.2921
0.835,0.00211,22.5784
0.835,0.00212,21.8775
0.835,0.00213,21.1894
0.835,0.00214,20.5144
0.835,0.00215,19.8524
0.835,0.00216,19.2036
0.835,0.00217,18.568
0.835,0.00218,17.9459
0.835,0.00219,17.3371
0.835,0.0022,16.742
0.835,0.00221,16.1604
0.835,0.00222,15.5925
0.835,0.00223,15.0384
0.835,0.00224,14.4984
0.835,0.00225,13.9737
0.835,0.00226,13.463
0.835,0.00227,12.9663
0.835,0.00228,12.4837
0.835,0.00229,12.0152
0.835,0.0023,11.561
0.835,0.00231,11.1211
0.835,0.00232,10.6956
0.835,0.00233,10.2844
0.835,0.00234,9.88768
0.835,0.00235,9.50547
0.835,0.00236,9.13784
0.835,0.00237,8.78481
0.835,0.00238,8.44202
0.835,0.00239,8.1133
0.835,0.0024,7.79937
0.835,0.00241,7.50029
0.835,0.00242,7.21609
0.835,0.00243,6.94681
0.835,0.00244,6.69248
0.835,0.00245,6.45314
0.835,0.00246,6.22881
0.835,0.00247,6.01954
0.835,0.00248,5.82539
0.835,0.00249,5.64638
0.835,0.0025,5.48251
0.835,0.00251,5.3338
0.835,0.00252,5.19982
0.835,0.00253,5.08092
0.835,0.00254,4.97723
0.835,0.00255,4.88876
0.835,0.00256,4.81554
0.835,0.00257,4.75758
0.835,0.00258,4.71489
0.835,0.00259,4.6875
0.835,0.0026,4.67541
0.835,0.00261,4.67864
0.835,0.00262,4.69719
0.835,0.00263,4.73107
0.835,0.00264,4.78029
0.835,0.00265,4.84486
0.835,0.00266,4.92478
0.835,0.00267,5.0153
0.835,0.00268,5.12081
0.835,0.00269,5.24166
0.835,0.0027,5.37787
0.835,0.00271,5.52942
0.835,0.00272,5.69631
0.835,0.00273,5.87854
0.835,0.00274,6.07608
0.835,0.00275,6.28894
0.835,0.00276,6.51709
0.835,0.00277,6.76053
0.835,0.00278,7.01924
0.835,0.00279,7.2932
0.835,0.0028,7.58239
0.84,0.002,30.3075
0.84,0.00201,29.4726
0.84,0.00202,28.6497
0.84,0.00203,27.8389
0.84,0.00204,27.0402
0.84,0.00205,26.2539
0.84,0.00206,25.48
0.84,0.00207,24.7186
0.84,0.00208,23.9699
0.84,0.00209,23.2339
0.84,0.0021,22.5108
0.84,0.00211,21.8006
0.84,0.00212,21.1034
0.84,0.00213,20.4192
0.84,0.00214,19.7482
0.84,0.00215,19.0904
0.84,0.00216,18.446
0.84,0.00217,17.8151
0.84,0.00218,17.1976
0.84,0.00219,16.5939
0.84,0.0022,16.0038
0.84,0.00221,15.4275
0.84,0.00222,14.8651
0.84,0.00223,14.3167
0.84,0.00224,13.7825
0.84,0.00225,13.2638
0.84,0.00226,12.7593
0.84,0.00227,12.269
0.84,0.00228,11.793
0.84,0.00229,11.3313
0.84,0.0023,10.8841
0.84,0.00231,10.4513
0.84,0.00232,10.0331
0.84,0.00233,9.62943
0.84,0.00234,9.24042
0.84,0.00235,8.86611
0.84,0.00236,8.50656
0.84,0.00237,8.16181
0.84,0.00238,7.82745
0.84,0.00239,7.50731
0.84,0.0024,7.20217
0.84,0.00241,6.91206
0.84,0.00242,6.63703
0.84,0.00243,6.3771
0.84,0.00244,6.13233
0.84,0.00245,5.90273
0.84,0.00246,5.68834
0.84,0.00247,5.48923
0.84,0.00248,5.30544
0.84,0.00249,5.13697
0.84,0.0025,4.98382
0.84,0.00251,4.84602
0.84,0.00252,4.72312
0.84,0.00253,4.61549
0.84,0.00254,4.52327
0.84,0.00255,4.44647
0.84,0.00256,4.38512
0.84,0.00257,4.33922
0.84,0.00258,4.3088
0.84,0.00259,4.29387
0.84,0.0026,4.29445
0.84,0.00261,4.31054
0.84,0.00262,4.34216
0.84,0.00263,4.38931
0.84,0.00264,4.45201
0.84,0.00265,4.53024
0.84,0.00266,4.62403
0.84,0.00267,4.72849
0.84,0.00268,4.84813
0.84,0.00269,4.98332
0.84,0.0027,5.13406
0.84,0.00271,5.30034
0.84,0.00272,5.48217
0.84,0.00273,5.67952
0.84,0.00274,5.8924
0.84,0.00275,6.12078
0.84,0.00276,6.36467
0.84,0.00277,6.62403
0.84,0.00278,6.89886
0.84,0.00279,7.18914
0.84,0.0028,7.49486
0.845,0.002,29.5114
0.845,0.00201,28.6786
0.845,0.00202,27.8579
0.845,0.00203,27.0494
0.845,0.00204,26.2533
0.845,0.00205,25.4697
0.845,0.00206,24.6987
0.845,0.00207,23.9404
0.845,0.00208,23.1949
0.845,0.00209,22.4623
0.845,0.0021,21.7428
0.845,0.00211,21.0364
0.845,0.00212,20.3431
0.845,0.00213,19.663
0.845,0.00214,18.9962
0.845,0.00215,18.3428
0.845,0.00216,17.703
0.845,0.00217,17.0768
0.845,0.00218,16.4644
0.845,0.00219,15.8657
0.845,0.0022,15.281
0.845,0.00221,14.7102
0.845,0.00222,14.1535
0.845,0.00223,13.6109
0.845,0.00224,13.0828
0.845,0.00225,12.5704
0.845,0.00226,12.0724
0.845,0.00227,11.5887
0.845,0.00228,11.1195
0.845,0.00229,10.6648
0.845,0.0023,10.2248
0.845,0.00231,9.79937
0.845,0.00232,9.3887
0.845,0.00233,8.99282
0.845,0.00234,8.61176
0.845,0.00235,8.2456
0.845,0.00236,7.89439
0.845,0.00237,7.55819
0.845,0.00238,7.2325
0.845,0.00239,6.92122
0.845,0.0024,6.62513
0.845,0.00241,6.34426
0.845,0.00242,6.07867
0.845,0.00243,5.82838
0.845,0.00244,5.59343
0.845,0.00245,5.37386
0.845,0.00246,5.16971
0.845,0.00247,4.98107
0.845,0.00248,4.8079
0.845,0.00249,4.65025
0.845,0.0025,4.50811
0.845,0.00251,4.38154
0.845,0.00252,4.27002
0.845,0.00253,4.17397
0.845,0.00254,4.09353
0.845,0.00255,4.02871
0.845,0.00256,3.97954
0.845,0.00257,3.94603
0.845,0.00258,3.9282
0.845,0.00259,3.92606
0.845,0.0026,3.93964
0.845,0.00261,3.96893
0.845,0.00262,4.01395
0.845,0.00263,4.07471
0.845,0.00264,4.15121
0.845,0.00265,4.24347
0.845,0.00266,4.35147
0.845,0.00267,4.47022
0.845,0.00268,4.60434
0.845,0.00269,4.75422
0.845,0.0027,4.91985
0.845,0.00271,5.10123
0.845,0.00272,5.29835
0.845,0.00273,5.5112
0.845,0.00274,5.73977
0.845,0.00275,5.98406
0.845,0.00276,6.24405
0.845,0.00277,6.51971
0.845,0.00278,6.81105
0.845,0.00279,7.11803
0.845,0.0028,7.44065
0.85,0.002,28.7271
0.85,0.00201,27.8965
0.85,0.00202,27.0782
0.85,0.00203,26.2724
0.85,0.00204,25.479
0.85,0.00205,24.6983
0.85,0.00206,23.9303
0.85,0.00207,23.1753
0.85,0.00208,22.4332
0.85,0.00209,21.7042
0.85,0.0021,20.9885
0.85,0.00211,20.286
0.85,0.00212,19.5968
0.85,0.00213,18.9209
0.85,0.00214,18.2586
0.85,0.00215,17.6098
0.85,0.00216,16.9748
0.85,0.00217,16.3536
0.85,0.00218,15.7463
0.85,0.00219,15.153
0.85,0.0022,14.5738
0.85,0.00221,14.0087
0.85,0.00222,13.4579
0.85,0.00223,12.9215
0.85,0.00224,12.3997
0.85,0.00225,11.8938
0.85,0.00226,11.4024
0.85,0.00227,10.9256
0.85,0.00228,10.4634
0.85,0.00229,10.016
0.85,0.0023,9.58337
0.85,0.00231,9.16561
0.85,0.00232,8.76276
0.85,0.00233,8.37489
0.85,0.00234,8.00205
0.85,0.00235,7.6443
0.85,0.00236,7.3017
0.85,0.00237,6.9743
0.85,0.00238,6.65754
0.85,0.00239,6.35539
0.85,0.0024,6.06862
0.85,0.00241,5.79727
0.85,0.00242,5.54139
0.85,0.00243,5.30102
0.85,0.00244,5.07619
0.85,0.00245,4.86694
0.85,0.00246,4.67335
0.85,0.00247,4.49544
0.85,0.00248,4.3332
0.85,0.00249,4.18666
0.85,0.0025,4.05585
0.85,0.00251,3.9408
0.85,0.00252,3.84098
0.85,0.00253,3.75683
0.85,0.00254,3.68848
0.85,0.00255,3.63596
0.85,0.00256,3.5993
0.85,0.00257,3.5785
0.85,0.00258,3.5736
0.85,0.00259,3.58459
0.85,0.0026,3.61149
0.85,0.00261,3.65433
0.85,0.00262,3.71309
0.85,0.00263,3.78781
0.85,0.00264,3.87847
0.85,0.00265,3.98509
0.85,0.00266,4.10767
0.85,0.00267,4.24107
0.85,0.00268,4.39004
0.85,0.00269,4.55496
0.85,0.0027,4.73585
0.85,0.00271,4.93269
0.85,0.00272,5.14547
0.85,0.00273,5.3742
0.85,0.00274,5.61885
0.85,0.00275,5.87942
0.85,0.00276,6.15589
0.85,0.00277,6.44824
0.85,0.00278,6.75647
0.85,0.00279,7.08056
0.85,0.0028,7.42047
0.855,0.002,27.9549
0.855,0.00201,27.1267
0.855,0.00202,26.311
0.855,0.00203,25.5078
0.855,0.00204,24.7174
0.855,0.00205,23.9397
0.855,0.00206,23.175
0.855,0.00207,22.4234
0.855,0.00208,21.6849
0.855,0.00209,20.9597
0.855,0.0021,20.248
0.855,0.00211,19.5497
0.855,0.00212,18.8648
0.855,0.00213,18.1933
0.855,0.00214,17.5356
0.855,0.00215,16.8917
0.855,0.00216,16.2616
0.855,0.00217,15.6456
0.855,0.00218,15.0437
0.855,0.00219,14.456
0.855,0.0022,13.8825
0.855,0.00221,13.3234
0.855,0.00222,12.7788
0.855,0.00223,12.2486
0.855,0.00224,11.7333
0.855,0.00225,11.2341
0.855,0.00226,10.7497
0.855,0.00227,10.2799
0.855,0.00228,9.82508
0.855,0.00229,9.38516
0.855,0.0023,8.96024
0.855,0.00231,8.55036
0.855,0.00232,8.1556
0.855,0.00233,7.776
0.855,0.00234,7.41163
0.855,0.00235,7.06257
0.855,0.00236,6.72885
0.855,0.00237,6.41051
0.855,0.00238,6.10296
0.855,0.00239,5.81021
0.855,0.0024,5.53304
0.855,0.00241,5.2715
0.855,0.00242,5.02562
0.855,0.00243,4.79545
0.855,0.00244,4.58103
0.855,0.00245,4.38243
0.855,0.00246,4.19968
0.855,0.00247,4.03279
0.855,0.00248,3.88177
0.855,0.00249,3.74667
0.855,0.0025,3.6275
0.855,0.00251,3.52429
0.855,0.00252,3.43648
0.855,0.00253,3.36454
0.855,0.00254,3.30862
0.855,0.00255,3.26873
0.855,0.00256,3.24491
0.855,0.00257,3.23716
0.855,0.00258,3.24551
0.855,0.00259,3.26998
0.855,0.0026,3.31056
0.855,0.00261,3.36728
0.855,0.00262,3.44015
0.855,0.00263,3.52917
0.855,0.00264,3.63436
0.855,0.00265,3.75571
0.855,0.00266,3.89323
0.855,0.00267,4.04164
0.855,0.00268,4.20582
0.855,0.00269,4.38617
0.855,0.0027,4.58268
0.855,0.00271,4.79536
0.855,0.00272,5.02419
0.855,0.00273,5.26917
0.855,0.00274,5.53029
0.855,0.00275,5.80753
0.855,0.00276,6.10088
0.855,0.00277,6.41032
0.855,0.00278,6.73584
0.855,0.00279,7.07742
0.855,0.0028,7.43504
0.86,0.002,27.195
0.86,0.00201,26.3693
0.86,0.00202,25.5563
0.86,0.00203,24.7561
0.86,0.00204,23.9687
0.86,0.00205,23.1943
0.86,0.00206,22.4331
0.86,0.00207,21.685
0.86,0.00208,20.9504
0.86,0.00209,20.2292
0.86,0.0021,19.5215
0.86,0.00211,18.8276
0.86,0.00212,18.1472
0.86,0.00213,17.4804
0.86,0.00214,16.8275
0.86,0.00215,16.1886
0.86,0.00216,15.5638
0.86,0.00217,14.9532
0.86,0.00218,14.3569
0.86,0.00219,13.7749
0.86,0.0022,13.2074
0.86,0.00221,12.6545
0.86,0.00222,12.1162
0.86,0.00223,11.5927
0.86,0.00224,11.0841
0.86,0.00225,10.5919
0.86,0.00226,10.1145
0.86,0.00227,9.65219
0.86,0.00228,9.20487
0.86,0.00229,8.7727
0.86,0.0023,8.35572
0.86,0.00231,7.95399
0.86,0.00232,7.56756
0.86,0.00233,7.19651
0.86,0.00234,6.8409
0.86,0.00235,6.50078
0.86,0.00236,6.1762
0.86,0.00237,5.86721
0.86,0.00238,5.56915
0.86,0.00239,5.28608
0.86,0.0024,5.0188
0.86,0.00241,4.76734
0.86,0.00242,4.53176
0.86,0.00243,4.3121
0.86,0.00244,4.10841
0.86,0.00245,3.92076
0.86,0.00246,3.74914
0.86,0.00247,3.59358
0.86,0.00248,3.4541
0.86,0.00249,3.33074
0.86,0.0025,3.22353
0.86,0.00251,3.13249
0.86,0.00252,3.05702
0.86,0.00253,2.99763
0.86,0.00254,2.95446
0.86,0.00255,2.92754
0.86,0.00256,2.9169
0.86,0.00257,2.92255
0.86,0.00258,2.94451
0.86,0.00259,2.98279
0.86,0.0026,3.03741
0.86,0.00261,3.10838
0.86,0.00262,3.19571
0.86,0.00263,3.2994
0.86,0.00264,3.41947
0.86,0.00265,3.55593
0.86,0.00266,3.70876
0.86,0.00267,3.87256
0.86,0.00268,4.05233
0.86,0.00269,4.24848
0.86,0.0027,4.46101
0.86,0.00271,4.68991
0.86,0.00272,4.93518
0.86,0.00273,5.19681
0.86,0.00274,5.47479
0.86,0.00275,5.76909
0.86,0.00276,6.07972
0.86,0.00277,6.40666
0.86,0.00278,6.74988
0.86,0.00279,7.10937
0.86,0.0028,7.48512
0.865,0.002,26.4475
0.865,0.00201,25.6246
0.865,0.00202,24.8145
0.865,0.00203,24.0173
0.865,0.00204,23.2332
0.865,0.00205,22.4623
0.865,0.00206,21.7046
0.865,0.00207,20.9604
0.865,0.00208,20.2297
0.865,0.00209,19.5127
0.865,0.0021,18.8094
0.865,0.00211,18.12
0.865,0.00212,17.4443
0.865,0.00213,16.7824
0.865,0.00214,16.1346
0.865,0.00215,15.5009
0.865,0.00216,14.8816
0.865,0.00217,14.2766
0.865,0.00218,13.6861
0.865,0.00219,13.1101
0.865,0.0022,12.5489
0.865,0.00221,12.0023
0.865,0.00222,11.4706
0.865,0.00223,10.9539
0.865,0.00224,10.4523
0.865,0.00225,9.96731
0.865,0.00226,9.49738
0.865,0.00227,9.04262
0.865,0.00228,8.60311
0.865,0.00229,8.17895
0.865,0.0023,7.77018
0.865,0.00231,7.37685
0.865,0.00232,6.99903
0.865,0.00233,6.6368
0.865,0.00234,6.29021
0.865,0.00235,5.95931
0.865,0.00236,5.64416
0.865,0.00237,5.3448
0.865,0.00238,5.05652
0.865,0.00239,4.78342
0.865,0.0024,4.52632
0.865,0.00241,4.28525
0.865,0.00242,4.06027
0.865,0.00243,3.85142
0.865,0.00244,3.65879
0.865,0.00245,3.48237
0.865,0.00246,3.32219
0.865,0.00247,3.17828
0.865,0.00248,3.05066
0.865,0.00249,2.93938
0.865,0.0025,2.84445
0.865,0.00251,2.76591
0.865,0.00252,2.70312
0.865,0.00253,2.65661
0.865,0.00254,2.62654
0.865,0.00255,2.61294
0.865,0.00256,2.61583
0.865,0.00257,2.63522
0.865,0.00258,2.67114
0.865,0.00259,2.72361
0.865,0.0026,2.79262
0.865,0.00261,2.87821
0.865,0.00262,2.98037
0.865,0.00263,3.09911
0.865,0.00264,3.23445
0.865,0.00265,3.38638
0.865,0.00266,3.55492
0.865,0.00267,3.73449
0.865,0.00268,3.93023
0.865,0.00269,4.14257
0.865,0.0027,4.37151
0.865,0.00271,4.61704
0.865,0.00272,4.87915
0.865,0.00273,5.15783
0.865,0.00274,5.45307
0.865,0.00275,5.76485
0.865,0.00276,6.09318
0.865,0.00277,6.43802
0.865,0.00278,6.79936
0.865,0.00279,7.17719
0.865,0.0028,7.57148
0.87,0.002,25.7126
0.87,0.00201,24.8927
0.87,0.00202,24.0857
0.87,0.00203,23.2918
0.87,0.00204,22.5111
0.87,0.00205,21.7438
0.87,0.00206,20.99
0.87,0.00207,20.2498
0.87,0.00208,19.5233
0.87,0.00209,18.8106
0.87,0.0021,18.1119
0.87,0.00211,17.4273
0.87,0.00212,16.7565
0.87,0.00213,16.0997
0.87,0.00214,15.4571
0.87,0.00215,14.8289
0.87,0.00216,14.2152
0.87,0.00217,13.6161
0.87,0.00218,13.0316
0.87,0.00219,12.4619
0.87,0.0022,11.9071
0.87,0.00221,11.3672
0.87,0.00222,10.8424
0.87,0.00223,10.3326
0.87,0.00224,9.83834
0.87,0.00225,9.36077
0.87,0.00226,8.8985
0.87,0.00227,8.4516
0.87,0.00228,8.02016
0.87,0.00229,7.60427
0.87,0.0023,7.20397
0.87,0.00231,6.81932
0.87,0.00232,6.4504
0.87,0.00233,6.09727
0.87,0.00234,5.75997
0.87,0.00235,5.43858
0.87,0.00236,5.13314
0.87,0.00237,4.84371
0.87,0.00238,4.56549
0.87,0.00239,4.30266
0.87,0.0024,4.05604
0.87,0.00241,3.82567
0.87,0.00242,3.61159
0.87,0.00243,3.4139
0.87,0.00244,3.23262
0.87,0.00245,3.06775
0.87,0.00246,2.91933
0.87,0.00247,2.78739
0.87,0.00248,2.67197
0.87,0.00249,2.57309
0.87,0.0025,2.49078
0.87,0.00251,2.42508
0.87,0.00252,2.37532
0.87,0.00253,2.34204
0.87,0.00254,2.32542
0.87,0.00255,2.32549
0.87,0.00256,2.34227
0.87,0.00257,2.37577
0.87,0.00258,2.42602
0.87,0.00259,2.49304
0.87,0.0026,2.57682
0.87,0.00261,2.6774
0.87,0.00262,2.79477
0.87,0.00263,2.92895
0.87,0.00264,3.07993
0.87,0.00265,3.24774
0.87,0.00266,3.43237
0.87,0.00267,3.6281
0.87,0.00268,3.84022
0.87,0.00269,4.06915
0.87,0.0027,4.3149
0.87,0.00271,4.57746
0.87,0.00272,4.85681
0.87,0.00273,5.15296
0.87,0.00274,5.46588
0.87,0.00275,5.79557
0.87,0.00276,6.14201
0.87,0.00277,6.50519
0.87,0.00278,6.88508
0.87,0.00279,7.28168
0.87,0.0028,7.69496
0.875,0.002,24.9907
0.875,0.00201,24.1738
0.875,0.00202,23.3701
0.875,0.00203,22.5797
0.875,0.00204,21.8026
0.875,0.00205,21.0392
0.875,0.00206,20.2894
0.875,0.00207,19.5534
0.875,0.00208,18.8313
0.875,0.00209,18.1232
0.875,0.0021,17.4293
0.875,0.00211,16.7497
0.875,0.00212,16.084
0.875,0.00213,15.4324
0.875,0.00214,14.7953
0.875,0.00215,14.1728
0.875,0.00216,13.565
0.875,0.00217,12.972
0.875,0.00218,12.3938
0.875,0.00219,11.8306
0.875,0.0022,11.2824
0.875,0.00221,10.7494
0.875,0.00222,10.2317
0.875,0.00223,9.72927
0.875,0.00224,9.24248
0.875,0.00225,8.77262
0.875,0.00226,8.31827
0.875,0.00227,7.8795
0.875,0.00228,7.4564
0.875,0.00229,7.04905
0.875,0.0023,6.65749
0.875,0.00231,6.28181
0.875,0.00232,5.92206
0.875,0.00233,5.5783
0.875,0.00234,5.25059
0.875,0.00235,4.939
0.875,0.00236,4.64357
0.875,0.00237,4.36436
0.875,0.00238,4.09651
0.875,0.00239,3.84426
0.875,0.0024,3.60843
0.875,0.00241,3.38906
0.875,0.00242,3.18624
0.875,0.00243,3.00002
0.875,0.00244,2.83039
0.875,0.00245,2.6774
0.875,0.00246,2.54107
0.875,0.00247,2.42144
0.875,0.00248,2.31855
0.875,0.00249,2.23242
0.875,0.0025,2.16308
0.875,0.00251,2.11057
0.875,0.00252,2.07418
0.875,0.00253,2.05449
0.875,0.00254,2.05168
0.875,0.00255,2.06579
0.875,0.00256,2.09682
0.875,0.00257,2.14481
0.875,0.00258,2.20977
0.875,0.00259,2.29171
0.875,0.0026,2.39065
0.875,0.00261,2.5066
0.875,0.00262,2.63957
0.875,0.00263,2.78958
0.875,0.00264,2.95662
0.875,0.00265,3.14069
0.875,0.00266,3.34182
0.875,0.00267,3.55412
0.875,0.00268,3.78302
0.875,0.00269,4.02896
0.875,0.0027,4.29193
0.875,0.00271,4.57193
0.875,0.00272,4.86896
0.875,0.00273,5.18299
0.875,0.00274,5.51402
0.875,0.00275,5.86205
0.875,0.00276,6.22704
0.875,0.00277,6.60899
0.875,0.00278,7.00788
0.875,0.00279,7.42369
0.875,0.0028,7.85641
0.88,0.002,24.2819
0.88,0.00201,23.4683
0.88,0.00202,22.6681
0.88,0.00203,21.8813
0.88,0.00204,21.1081
0.88,0.00205,20.3486
0.88,0.00206,19.6031
0.88,0.00207,18.8715
0.88,0.00208,18.154
0.88,0.00209,17.4507
0.88,0.0021,16.7618
0.88,0.00211,16.0873
0.88,0.00212,15.427
0.88,0.00213,14.781
0.88,0.00214,14.1496
0.88,0.00215,13.533
0.88,0.00216,12.9313
0.88,0.00217,12.3446
0.88,0.00218,11.7729
0.88,0.00219,11.2165
0.88,0.0022,10.6752
0.88,0.00221,10.1494
0.88,0.00222,9.63899
0.88,0.00223,9.14412
0.88,0.00224,8.6651
0.88,0.00225,8.20323
0.88,0.00226,7.75706
0.88,0.00227,7.32668
0.88,0.00228,6.9122
0.88,0.00229,6.51367
0.88,0.0023,6.13115
0.88,0.00231,5.76472
0.88,0.00232,5.41442
0.88,0.00233,5.08033
0.88,0.00234,4.76251
0.88,0.00235,4.46101
0.88,0.00236,4.17589
0.88,0.00237,3.90721
0.88,0.00238,3.65005
0.88,0.00239,3.40869
0.88,0.0024,3.18396
0.88,0.00241,2.97594
0.88,0.00242,2.78471
0.88,0.00243,2.61026
0.88,0.00244,2.45262
0.88,0.00245,2.31184
0.88,0.00246,2.18794
0.88,0.00247,2.08097
0.88,0.00248,1.99095
0.88,0.00249,1.91793
0.88,0.0025,1.86192
0.88,0.00251,1.82295
0.88,0.00252,1.8003
0.88,0.00253,1.79456
0.88,0.00254,1.80594
0.88,0.00255,1.83446
0.88,0.00256,1.88013
0.88,0.00257,1.94298
0.88,0.00258,2.02303
0.88,0.00259,2.12029
0.88,0.0026,2.23478
0.88,0.00261,2.36651
0.88,0.00262,2.51548
0.88,0.00263,2.68171
0.88,0.00264,2.86521
0.88,0.00265,3.06597
0.88,0.00266,3.284
0.88,0.00267,3.5133
0.88,0.00268,3.75939
0.88,0.00269,4.02275
0.88,0.0027,4.30338
0.88,0.00271,4.60126
0.88,0.00272,4.91638
0.88,0.00273,5.24874
0.88,0.00274,5.59833
0.88,0.00275,5.96512
0.88,0.00276,6.34912
0.88,0.00277,6.75029
0.88,0.00278,7.16864
0.88,0.00279,7.60413
0.88,0.0028,8.05674
0.885,0.002,23.5865
0.885,0.00201,22.7764
0.885,0.00202,21.9798
0.885,0.00203,21.1968
0.885,0.00204,20.4277
0.885,0.00205,19.6725
0.885,0.00206,18.9313
0.885,0.00207,18.2043
0.885,0.00208,17.4917
0.885,0.00209,16.7934
0.885,0.0021,16.1097
0.885,0.00211,15.4407
0.885,0.00212,14.7859
0.885,0.00213,14.1456
0.885,0.00214,13.5202
0.885,0.00215,12.9098
0.885,0.00216,12.3144
0.885,0.00217,11.7343
0.885,0.00218,11.1694
0.885,0.00219,10.6199
0.885,0.0022,10.0859
0.885,0.00221,9.56741
0.885,0.00222,9.06462
0.885,0.00223,8.57757
0.885,0.00224,8.10659
0.885,0.00225,7.65296
0.885,0.00226,7.21526
0.885,0.00227,6.79356
0.885,0.00228,6.38797
0.885,0.00229,5.99855
0.885,0.0023,5.62537
0.885,0.00231,5.26847
0.885,0.00232,4.92793
0.885,0.00233,4.60381
0.885,0.00234,4.29617
0.885,0.00235,4.00508
0.885,0.00236,3.73059
0.885,0.00237,3.47275
0.885,0.00238,3.22659
0.885,0.00239,2.99644
0.885,0.0024,2.78315
0.885,0.00241,2.58684
0.885,0.00242,2.4075
0.885,0.00243,2.24516
0.885,0.00244,2.09985
0.885,0.00245,1.97162
0.885,0.00246,1.86051
0.885,0.00247,1.76655
0.885,0.00248,1.68977
0.885,0.00249,1.63021
0.885,0.0025,1.58789
0.885,0.00251,1.56284
0.885,0.00252,1.5543
0.885,0.00253,1.5629
0.885,0.00254,1.58884
0.885,0.00255,1.63215
0.885,0.00256,1.69285
0.885,0.00257,1.77096
0.885,0.00258,1.86649
0.885,0.00259,1.97948
0.885,0.0026,2.10992
0.885,0.00261,2.25783
0.885,0.00262,2.42322
0.885,0.00263,2.60609
0.885,0.00264,2.80646
0.885,0.00265,3.02433
0.885,0.00266,3.2597
0.885,0.00267,3.50641
0.885,0.00268,3.77013
0.885,0.00269,4.05135
0.885,0.0027,4.35006
0.885,0.00271,4.66626
0.885,0.00272,4.99993
0.885,0.00273,5.35106
0.885,0.00274,5.71965
0.885,0.00275,6.10568
0.885,0.00276,6.50914
0.885,0.00277,6.93001
0.885,0.00278,7.36827
0.885,0.00279,7.82391
0.885,0.0028,8.29692
0.89,0.002,22.9047
0.89,0.00201,22.0983
0.89,0.00202,21.3055
0.89,0.00203,20.5266
0.89,0.00204,19.7617
0.89,0.00205,19.0109
0.89,0.00206,18.2744
0.89,0.00207,17.5523
0.89,0.00208,16.8447
0.89,0.00209,16.1516
0.89,0.0021,15.4734
0.89,0.00211,14.81
0.89,0.00212,14.161
0.89,0.00213,13.5267
0.89,0.00214,12.9075
0.89,0.00215,12.3034
0.89,0.00216,11.7147
0.89,0.00217,11.1413
0.89,0.00218,10.5835
0.89,0.00219,10.0412
0.89,0.0022,9.51466
0.89,0.00221,9.00387
0.89,0.00222,8.50895
0.89,0.00223,8.03
0.89,0.00224,7.56734
0.89,0.00225,7.12224
0.89,0.00226,6.69328
0.89,0.00227,6.28054
0.89,0.00228,5.88415
0.89,0.00229,5.50414
0.89,0.0023,5.14057
0.89,0.00231,4.79351
0.89,0.00232,4.46303
0.89,0.00233,4.14918
0.89,0.00234,3.85205
0.89,0.00235,3.57168
0.89,0.00236,3.30814
0.89,0.00237,3.06148
0.89,0.00238,2.82664
0.89,0.00239,2.60803
0.89,0.0024,2.40656
0.89,0.00241,2.22227
0.89,0.00242,2.05515
0.89,0.00243,1.90526
0.89,0.00244,1.77264
0.89,0.00245,1.65733
0.89,0.00246,1.55936
0.89,0.00247,1.47877
0.89,0.00248,1.4156
0.89,0.00249,1.36987
0.89,0.0025,1.34162
0.89,0.00251,1.33088
0.89,0.00252,1.33683
0.89,0.00253,1.36015
0.89,0.00254,1.40105
0.89,0.00255,1.45955
0.89,0.00256,1.53567
0.89,0.00257,1.62944
0.89,0.00258,1.74088
0.89,0.00259,1.86999
0.89,0.0026,2.0168
0.89,0.00261,2.18131
0.89,0.00262,2.36354
0.89,0.00263,2.56349
0.89,0.00264,2.78117
0.89,0.00265,3.01658
0.89,0.00266,3.26973
0.89,0.00267,3.53428
0.89,0.00268,3.81608
0.89,0.00269,4.1156
0.89,0.0027,4.43285
0.89,0.00271,4.76782
0.89,0.00272,5.12049
0.89,0.00273,5.49086
0.89,0.00274,5.87892
0.89,0.00275,6.28466
0.89,0.00276,6.70805
0.89,0.00277,7.14909
0.89,0.00278,7.60776
0.89,0.00279,8.08405
0.89,0.0028,8.57793
0.895,0.002,22.2368
0.895,0.00201,21.4342
0.895,0.00202,20.6455
0.895,0.00203,19.8709
0.895,0.00204,19.1105
0.895,0.00205,18.3643
0.895,0.00206,17.6327
0.895,0.00207,16.9156
0.895,0.00208,16.2132
0.895,0.00209,15.5257
0.895,0.0021,14.8531
0.895,0.00211,14.1955
0.895,0.00212,13.5526
0.895,0.00213,12.9245
0.895,0.00214,12.3117
0.895,0.00215,11.7144
0.895,0.00216,11.1325
0.895,0.00217,10.5662
0.895,0.00218,10.0156
0.895,0.00219,9.48086
0.895,0.0022,8.962
0.895,0.00221,8.45915
0.895,0.00222,7.97239
0.895,0.00223,7.50182
0.895,0.00224,7.04775
0.895,0.00225,6.61147
0.895,0.00226,6.19154
0.895,0.00227,5.78808
0.895,0.00228,5.40118
0.895,0.00229,5.03087
0.895,0.0023,4.67722
0.895,0.00231,4.34031
0.895,0.00232,4.0202
0.895,0.00233,3.71696
0.895,0.00234,3.43065
0.895,0.00235,3.16133
0.895,0.00236,2.90906
0.895,0.00237,2.6739
0.895,0.00238,2.45074
0.895,0.00239,2.24404
0.895,0.0024,2.05472
0.895,0.00241,1.88278
0.895,0.00242,1.72824
0.895,0.00243,1.59117
0.895,0.00244,1.47159
0.895,0.00245,1.36956
0.895,0.00246,1.28511
0.895,0.00247,1.21827
0.895,0.00248,1.16908
0.895,0.00249,1.13757
0.895,0.0025,1.12378
0.895,0.00251,1.12772
0.895,0.00252,1.14857
0.895,0.00253,1.18701
0.895,0.00254,1.24327
0.895,0.00255,1.31737
0.895,0.00256,1.40933
0.895,0.00257,1.51918
0.895,0.00258,1.64694
0.895,0.00259,1.79261
0.895,0.0026,1.95621
0.895,0.00261,2.13776
0.895,0.00262,2.33726
0.895,0.00263,2.55472
0.895,0.00264,2.79015
0.895,0.00265,3.04355
0.895,0.00266,3.31493
0.895,0.00267,3.59779
0.895,0.00268,3.89811
0.895,0.00269,4.2164
0.895,0.0027,4.55264
0.895,0.00271,4.90685
0.895,0.00272,5.279
0.895,0.00273,5.66909
0.895,0.00274,6.0771
0.895,0.00275,6.50302
0.895,0.00276,6.94685
0.895,0.00277,7.40855
0.895,0.00278,7.88813
0.895,0.00279,8.38556
0.895,0.0028,8.90084
0.9,0.002,21.5831
0.9,0.00201,20.7845
0.9,0.00202,20.0001
0.9,0.00203,19.23
0.9,0.00204,18.4742
0.9,0.00205,17.7329
0.9,0.00206,17.0063
0.9,0.00207,16.2945
0.9,0.00208,15.5976
0.9,0.00209,14.9158
0.9,0.0021,14.2491
0.9,0.00211,13.5977
0.9,0.00212,12.9611
0.9,0.00213,12.3395
0.9,0.00214,11.7334
0.9,0.00215,11.1429
0.9,0.00216,10.5681
0.9,0.00217,10.0092
0.9,0.00218,9.46615
0.9,0.00219,8.93916
0.9,0.0022,8.4283
0.9,0.00221,7.93367
0.9,0.00222,7.45535
0.9,0.00223,6.99344
0.9,0.00224,6.54826
0.9,0.00225,6.12109
0.9,0.00226,5.71051
0.9,0.00227,5.31663
0.9,0.00228,4.93951
0.9,0.00229,4.57921
0.9,0.0023,4.23581
0.9,0.00231,3.90936
0.9,0.00232,3.59995
0.9,0.00233,3.30763
0.9,0.00234,3.03248
0.9,0.00235,2.77454
0.9,0.00236,2.5339
0.9,0.00237,2.31059
0.9,0.00238,2.09945
0.9,0.00239,1.90504
0.9,0.0024,1.7282
0.9,0.00241,1.56896
0.9,0.00242,1.42738
0.9,0.00243,1.30348
0.9,0.00244,1.19733
0.9,0.00245,1.10896
0.9,0.00246,1.0384
0.9,0.00247,0.985698
0.9,0.00248,0.950885
0.9,0.00249,0.933993
0.9,0.0025,0.935054
0.9,0.00251,0.954095
0.9,0.00252,0.990242
0.9,0.00253,1.04422
0.9,0.00254,1.11625
0.9,0.00255,1.20637
0.9,0.00256,1.3146
0.9,0.00257,1.44096
0.9,0.00258,1.58546
0.9,0.00259,1.74813
0.9,0.0026,1.92897
0.9,0.00261,2.128
0.9,0.00262,2.34522
0.9,0.00263,2.58065
0.9,0.00264,2.83429
0.9,0.00265,3.10614
0.9,0.00266,3.39621
0.9,0.00267,3.69783
0.9,0.00268,4.01715
0.9,0.00269,4.35468
0.9,0.0027,4.71041
0.9,0.00271,5.08433
0.9,0.00272,5.47645
0.9,0.00273,5.88674
0.9,0.00274,6.3152
0.9,0.00275,6.76181
0.9,0.00276,7.22657
0.9,0.00277,7.70946
0.9,0.00278,8.21046
0.9,0.00279,8.72957
0.9,0.0028,9.26676
0.905,0.002,20.9438
0.905,0.00201,20.1495
0.905,0.00202,19.3696
0.905,0.00203,18.6041
0.905,0.00204,17.8532
0.905,0.00205,17.117
0.905,0.00206,16.3958
0.905,0.00207,15.6895
0.905,0.00208,14.9983
0.905,0.00209,14.3224
0.905,0.0021,13.6619
0.905,0.00211,13.0168
0.905,0.00212,12.3867
0.905,0.00213,11.7718
0.905,0.00214,11.1727
0.905,0.00215,10.5894
0.905,0.00216,10.022
0.905,0.00217,9.47066
0.905,0.00218,8.93548
0.905,0.00219,8.41655
0.905,0.0022,7.91397
0.905,0.00221,7.42784
0.905,0.00222,6.95825
0.905,0.00223,6.50531
0.905,0.00224,6.06932
0.905,0.00225,5.65158
0.905,0.00226,5.25065
0.905,0.00227,4.86665
0.905,0.00228,4.49964
0.905,0.00229,4.14967
0.905,0.0023,3.81683
0.905,0.00231,3.50119
0.905,0.00232,3.2028
0.905,0.00233,2.92175
0.905,0.00234,2.65809
0.905,0.00235,2.41189
0.905,0.00236,2.18321
0.905,0.00237,1.97211
0.905,0.00238,1.7734
0.905,0.00239,1.59161
0.905,0.0024,1.42761
0.905,0.00241,1.28145
0.905,0.00242,1.15319
0.905,0.00243,1.04286
0.905,0.00244,0.950512
0.905,0.00245,0.876187
0.905,0.00246,0.819923
0.905,0.00247,0.781756
0.905,0.00248,0.761721
0.905,0.00249,0.759852
0.905,0.0025,0.77618
0.905,0.00251,0.810733
0.905,0.00252,0.862601
0.905,0.00253,0.932534
0.905,0.00254,1.02078
0.905,0.00255,1.12735
0.905,0.00256,1.25228
0.905,0.00257,1.39559
0.905,0.00258,1.55729
0.905,0.00259,1.7374
0.905,0.0026,1.93594
0.905,0.00261,2.1529
0.905,0.00262,2.38832
0.905,0.00263,2.64218
0.905,0.00264,2.9145
0.905,0.00265,3.20527
0.905,0.00266,3.51451
0.905,0.00267,3.83539
0.905,0.00268,4.17418
0.905,0.00269,4.53144
0.905,0.0027,4.90714
0.905,0.00271,5.30129
0.905,0.00272,5.71387
0.905,0.00273,6.14488
0.905,0.00274,6.5943
0.905,0.00275,7.06213
0.905,0.00276,7.54835
0.905,0.00277,8.05294
0.905,0.00278,8.57591
0.905,0.00279,9.11723
0.905,0.0028,9.67689
0.91,0.002,20.3192
0.91,0.00201,19.5294
0.91,0.00202,18.7542
0.91,0.00203,17.9936
0.91,0.00204,17.2478
0.91,0.00205,16.517
0.91,0.00206,15.8013
0.91,0.00207,15.1007
0.91,0.00208,14.4155
0.91,0.00209,13.7458
0.91,0.0021,13.0917
0.91,0.00211,12.4533
0.91,0.00212,11.83
0.91,0.00213,11.2221
0.91,0.00214,10.6301
0.91,0.00215,10.0543
0.91,0.00216,9.49454
0.91,0.00217,8.9511
0.91,0.00218,8.42403
0.91,0.00219,7.91345
0.91,0.0022,7.41944
0.91,0.00221,6.94212
0.91,0.00222,6.48156
0.91,0.00223,6.0379
0.91,0.00224,5.61142
0.91,0.00225,5.20341
0.91,0.00226,4.81244
0.91,0.00227,4.43865
0.91,0.00228,4.08207
0.91,0.00229,3.74277
0.91,0.0023,3.42083
0.91,0.00231,3.11632
0.91,0.00232,2.82931
0.91,0.00233,2.55987
0.91,0.00234,2.30806
0.91,0.00235,2.07395
0.91,0.00236,1.8576
0.91,0.00237,1.65912
0.91,0.00238,1.47318
0.91,0.00239,1.30436
0.91,0.0024,1.15358
0.91,0.00241,1.02089
0.91,0.00242,0.906342
0.91,0.00243,0.809973
0.91,0.00244,0.731832
0.91,0.00245,0.671958
0.91,0.00246,0.630393
0.91,0.00247,0.607173
0.91,0.00248,0.602334
0.91,0.00249,0.615909
0.91,0.0025,0.647929
0.91,0.00251,0.698424
0.91,0.00252,0.766448
0.91,0.00253,0.852779
0.91,0.00254,0.957672
0.91,0.00255,1.08115
0.91,0.00256,1.22324
0.91,0.00257,1.38395
0.91,0.00258,1.56331
0.91,0.00259,1.76133
0.91,0.0026,1.97803
0.91,0.00261,2.21341
0.91,0.00262,2.46749
0.91,0.00263,2.74027
0.91,0.00264,3.03175
0.91,0.00265,3.34195
0.91,0.00266,3.67085
0.91,0.00267,4.01147
0.91,0.00268,4.37025
0.91,0.00269,4.74774
0.91,0.0027,5.14393
0.91,0.00271,5.55881
0.91,0.00272,5.99238
0.91,0.00273,6.44463
0.91,0.00274,6.91555
0.91,0.00275,7.40512
0.91,0.00276,7.91334
0.91,0.00277,8.4402
0.91,0.00278,8.98569
0.91,0.00279,9.54979
0.91,0.0028,10.1325
0.915,0.002,19.7097
0.915,0.00201,18.9246
0.915,0.00202,18.1543
0.915,0.00203,17.3988
0.915,0.00204,16.6584
0.915,0.00205,15.9331
0.915,0.00206,15.2232
0.915,0.00207,14.5286
0.915,0.00208,13.8497
0.915,0.00209,13.1864
0.915,0.0021,12.5389
0.915,0.00211,11.9074
0.915,0.00212,11.2912
0.915,0.00213,10.6905
0.915,0.00214,10.1061
0.915,0.00215,9.53794
0.915,0.00216,8.98617
0.915,0.00217,8.4509
0.915,0.00218,7.93225
0.915,0.00219,7.43031
0.915,0.0022,6.94518
0.915,0.00221,6.47697
0.915,0.00222,6.02576
0.915,0.00223,5.59169
0.915,0.00224,5.17504
0.915,0.00225,4.77708
0.915,0.00226,4.39642
0.915,0.00227,4.03316
0.915,0.00228,3.68735
0.915,0.00229,3.35905
0.915,0.0023,3.04836
0.915,0.00231,2.75534
0.915,0.00232,2.48006
0.915,0.00233,2.22259
0.915,0.00234,1.98299
0.915,0.00235,1.76135
0.915,0.00236,1.55773
0.915,0.00237,1.37224
0.915,0.00238,1.19943
0.915,0.00239,1.04398
0.915,0.0024,0.906814
0.915,0.00241,0.787989
0.915,0.00242,0.687552
0.915,0.00243,0.605548
0.915,0.00244,0.542023
0.915,0.00245,0.497018
0.915,0.00246,0.470573
0.915,0.00247,0.462726
0.915,0.00248,0.473512
0.915,0.00249,0.502966
0.915,0.0025,0.55112
0.915,0.00251,0.618001
0.915,0.00252,0.702629
0.915,0.00253,0.805813
0.915,0.00254,0.927816
0.915,0.00255,1.06866
0.915,0.00256,1.22837
0.915,0.00257,1.40696
0.915,0.00258,1.60446
0.915,0.00259,1.82087
0.915,0.0026,2.05622
0.915,0.00261,2.3105
0.915,0.00262,2.58374
0.915,0.00263,2.87594
0.915,0.00264,3.18709
0.915,0.00265,3.51721
0.915,0.00266,3.8663
0.915,0.00267,4.22717
0.915,0.00268,4.60646
0.915,0.00269,5.0047
0.915,0.0027,5.42191
0.915,0.00271,5.85806
0.915,0.00272,6.31316
0.915,0.00273,6.78719
0.915,0.00274,7.28015
0.915,0.00275,7.79203
0.915,0.00276,8.32282
0.915,0.00277,8.87251
0.915,0.00278,9.4411
0.915,0.00279,10.0286
0.915,0.0028,10.6349
0.92,0.002,19.1155
0.92,0.00201,18.3353
0.92,0.00202,17.5702
0.92,0.00203,16.8201
0.92,0.00204,16.0853
0.92,0.00205,15.3658
0.92,0.00206,14.6619
0.92,0.00207,13.9736
0.92,0.00208,13.3011
0.92,0.00209,12.6445
0.92,0.0021,12.004
0.92,0.00211,11.3797
0.92,0.00212,10.7707
0.92,0.00213,10.1777
0.92,0.00214,9.601
0.92,0.00215,9.04085
0.92,0.00216,8.49732
0.92,0.00217,7.97054
0.92,0.00218,7.4606
0.92,0.00219,6.96761
0.92,0.0022,6.49167
0.92,0.00221,6.03288
0.92,0.00222,5.59136
0.92,0.00223,5.16721
0.92,0.00224,4.76071
0.92,0.00225,4.37314
0.92,0.00226,4.00312
0.92,0.00227,3.65073
0.92,0.00228,3.31603
0.92,0.00229,2.9991
0.92,0.0023,2.70002
0.92,0.00231,2.41884
0.92,0.00232,2.15566
0.92,0.00233,1.91054
0.92,0.00234,1.68354
0.92,0.00235,1.47474
0.92,0.00236,1.28427
0.92,0.00237,1.11214
0.92,0.00238,0.952851
0.92,0.00239,0.811165
0.92,0.0024,0.688022
0.92,0.00241,0.583472
0.92,0.00242,0.497565
0.92,0.00243,0.430347
0.92,0.00244,0.381864
0.92,0.00245,0.352157
0.92,0.00246,0.341268
0.92,0.00247,0.349235
0.92,0.00248,0.376093
0.92,0.00249,0.421877
0.92,0.0025,0.486618
0.92,0.00251,0.570346
0.92,0.00252,0.672044
0.92,0.00253,0.792551
0.92,0.00254,0.932137
0.92,0.00255,1.09083
0.92,0.00256,1.26864
0.92,0.00257,1.46561
0.92,0.00258,1.68173
0.92,0.00259,1.91703
0.92,0.0026,2.17153
0.92,0.00261,2.44523
0.92,0.00262,2.73814
0.92,0.00263,3.05026
0.92,0.00264,3.38161
0.92,0.00265,3.73218
0.92,0.00266,4.10197
0.92,0.00267,4.48365
0.92,0.00268,4.88397
0.92,0.00269,5.30352
0.92,0.0027,5.74228
0.92,0.00271,6.20026
0.92,0.00272,6.67744
0.92,0.00273,7.17383
0.92,0.00274,7.68941
0.92,0.00275,8.22417
0.92,0.00276,8.77812
0.92,0.00277,9.35124
0.92,0.00278,9.94352
0.92,0.00279,10.5549
0.92,0.0028,11.1855
0.925,0.002,18.5369
0.925,0.00201,17.762
0.925,0.00202,17.0022
0.925,0.00203,16.2578
0.925,0.00204,15.5288
0.925,0.00205,14.8154
0.925,0.00206,14.1177
0.925,0.00207,13.436
0.925,0.00208,12.7702
0.925,0.00209,12.1206
0.925,0.0021,11.4873
0.925,0.00211,10.8704
0.925,0.00212,10.2691
0.925,0.00213,9.6839
0.925,0.00214,9.1153
0.925,0.00215,8.56345
0.925,0.00216,8.02847
0.925,0.00217,7.51047
0.925,0.00218,7.00956
0.925,0.00219,6.52584
0.925,0.0022,6.05942
0.925,0.00221,5.6104
0.925,0.00222,5.17889
0.925,0.00223,4.76499
0.925,0.00224,4.36898
0.925,0.00225,3.99215
0.925,0.00226,3.63312
0.925,0.00227,3.29197
0.925,0.00228,2.96874
0.925,0.00229,2.66354
0.925,0.0023,2.37643
0.925,0.00231,2.10748
0.925,0.00232,1.85678
0.925,0.00233,1.62438
0.925,0.00234,1.41037
0.925,0.00235,1.21485
0.925,0.00236,1.0379
0.925,0.00237,0.87953
0.925,0.00238,0.734178
0.925,0.00239,0.606674
0.925,0.0024,0.497971
0.925,0.00241,0.408122
0.925,0.00242,0.337176
0.925,0.00243,0.28518
0.925,0.00244,0.25218
0.925,0.00245,0.238218
0.925,0.00246,0.243337
0.925,0.00247,0.267573
0.925,0.00248,0.310964
0.925,0.00249,0.373545
0.925,0.0025,0.455346
0.925,0.00251,0.556397
0.925,0.00252,0.675647
0.925,0.00253,0.813963
0.925,0.00254,0.971626
0.925,0.00255,1.14866
0.925,0.00256,1.34508
0.925,0.00257,1.56092
0.925,0.00258,1.79619
0.925,0.00259,2.0509
0.925,0.0026,2.32506
0.925,0.00261,2.6187
0.925,0.00262,2.93181
0.925,0.00263,3.2644
0.925,0.00264,3.61648
0.925,0.00265,3.98805
0.925,0.00266,4.3791
0.925,0.00267,4.78212
0.925,0.00268,5.20404
0.925,0.00269,5.64545
0.925,0.0027,6.10634
0.925,0.00271,6.58672
0.925,0.00272,7.08658
0.925,0.00273,7.60591
0.925,0.00274,8.1447
0.925,0.00275,8.70296
0.925,0.00276,9.28067
0.925,0.00277,9.87783
0.925,0.00278,10.4944
0.925,0.00279,11.1305
0.925,0.0028,11.7859
0.93,0.002,17.9745
0.93,0.00201,17.2049
0.93,0.00202,16.4508
0.93,0.00203,15.7122
0.93,0.00204,14.9893
0.93,0.00205,14.2822
0.93,0.00206,13.5911
0.93,0.00207,12.9162
0.93,0.00208,12.2574
0.93,0.00209,11.6151
0.93,0.0021,10.9893
0.93,0.00211,10.3802
0.93,0.00212,9.78679
0.93,0.00213,9.20968
0.93,0.00214,8.64946
0.93,0.00215,8.10623
0.93,0.00216,7.58011
0.93,0.00217,7.07122
0.93,0.00218,6.57966
0.93,0.00219,6.10554
0.93,0.0022,5.64898
0.93,0.00221,5.21006
0.93,0.00222,4.7889
0.93,0.00223,4.3856
0.93,0.00224,4.00045
0.93,0.00225,3.63472
0.93,0.00226,3.28704
0.93,0.00227,2.95748
0.93,0.00228,2.64611
0.93,0.00229,2.35301
0.93,0.0023,2.07826
0.93,0.00231,1.82193
0.93,0.00232,1.5841
0.93,0.00233,1.36483
0.93,0.00234,1.16424
0.93,0.00235,0.982414
0.93,0.00236,0.819378
0.93,0.00237,0.675184
0.93,0.00238,0.544193
0.93,0.00239,0.431302
0.93,0.0024,0.337476
0.93,0.00241,0.262769
0.93,0.00242,0.20723
0.93,0.00243,0.170908
0.93,0.00244,0.153849
0.93,0.00245,0.156096
0.93,0.00246,0.17769
0.93,0.00247,0.21867
0.93,0.00248,0.279074
0.93,0.00249,0.358935
0.93,0.0025,0.458285
0.93,0.00251,0.577155
0.93,0.00252,0.714457
0.93,0.00253,0.871088
0.93,0.00254,1.04734
0.93,0.00255,1.24323
0.93,0.00256,1.45878
0.93,0.00257,1.69402
0.93,0.00258,1.94896
0.93,0.00259,2.22361
0.93,0.0026,2.51799
0.93,0.00261,2.83211
0.93,0.00262,3.16597
0.93,0.00263,3.51959
0.93,0.00264,3.89296
0.93,0.00265,4.28609
0.93,0.00266,4.69898
0.93,0.00267,5.12391
0.93,0.00268,5.56801
0.93,0.00269,6.03187
0.93,0.0027,6.51549
0.93,0.00271,7.01887
0.93,0.00272,7.542
0.93,0.00273,8.08488
0.93,0.00274,8.64751
0.93,0.00275,9.22988
0.93,0.00276,9.83199
0.93,0.00277,10.4538
0.93,0.00278,11.0954
0.93,0.00279,11.7567
0.93,0.0028,12.4377
0.935,0.002,17.4284
0.935,0.00201,16.6645
0.935,0.00202,15.9163
0.935,0.00203,15.1838
0.935,0.00204,14.4673
0.935,0.00205,13.7668
0.935,0.00206,13.0825
0.935,0.00207,12.4146
0.935,0.00208,11.7632
0.935,0.00209,11.1284
0.935,0.0021,10.5104
0.935,0.00211,9.90932
0.935,0.00212,9.32418
0.935,0.00213,8.75552
0.935,0.00214,8.20398
0.935,0.00215,7.66969
0.935,0.00216,7.15277
0.935,0.00217,6.65331
0.935,0.00218,6.17145
0.935,0.00219,5.70728
0.935,0.0022,5.26092
0.935,0.00221,4.83246
0.935,0.00222,4.42201
0.935,0.00223,4.02967
0.935,0.00224,3.65573
0.935,0.00225,3.30147
0.935,0.00226,2.96553
0.935,0.00227,2.64795
0.935,0.00228,2.34882
0.935,0.00229,2.06822
0.935,0.0023,1.80622
0.935,0.00231,1.56291
0.935,0.00232,1.33836
0.935,0.00233,1.13265
0.935,0.00234,0.945919
0.935,0.00235,0.778186
0.935,0.00236,0.629497
0.935,0.00237,0.49992
0.935,0.00238,0.383732
0.935,0.00239,0.285901
0.935,0.0024,0.207405
0.935,0.00241,0.148298
0.935,0.00242,0.108631
0.935,0.00243,0.0884532
0.935,0.00244,0.0878102
0.935,0.00245,0.106746
0.935,0.00246,0.145303
0.935,0.00247,0.203519
0.935,0.00248,0.281433
0.935,0.00249,0.379078
0.935,0.0025,0.496487
0.935,0.00251,0.63369
0.935,0.00252,0.789563
0.935,0.00253,0.965034
0.935,0.00254,1.1604
0.935,0.00255,1.37568
0.935,0.00256,1.61091
0.935,0.00257,1.86609
0.935,0.00258,2.14125
0.935,0.00259,2.43641
0.935,0.0026,2.75156
0.935,0.00261,3.08673
0.935,0.00262,3.44192
0.935,0.00263,3.81714
0.935,0.00264,4.21238
0.935,0.00265,4.62767
0.935,0.00266,5.06299
0.935,0.00267,5.51044
0.935,0.00268,5.97732
0.935,0.00269,6.46424
0.935,0.0027,6.9712
0.935,0.00271,7.4982
0.935,0.00272,8.04524
0.935,0.00273,8.61232
0.935,0.00274,9.19943
0.935,0.00275,9.80658
0.935,0.00276,10.4338
0.935,0.00277,11.081
0.935,0.00278,11.7482
0.935,0.00279,12.4354
0.935,0.0028,13.1427
0.94,0.002,16.8991
0.94,0.00201,16.1412
0.94,0.00202,15.3991
0.94,0.00203,14.673
0.94,0.00204,13.9631
0.94,0.00205,13.2695
0.94,0.00206,12.5923
0.94,0.00207,11.9318
0.94,0.00208,11.288
0.94,0.00209,10.6611
0.94,0.0021,10.0512
0.94,0.00211,9.4584
0.94,0.00212,8.88182
0.94,0.00213,8.32192
0.94,0.00214,7.7794
0.94,0.00215,7.25439
0.94,0.00216,6.74699
0.94,0.00217,6.25732
0.94,0.00218,5.78551
0.94,0.00219,5.33165
0.94,0.0022,4.89584
0.94,0.00221,4.4782
0.94,0.00222,4.07883
0.94,0.00223,3.69784
0.94,0.00224,3.3355
0.94,0.00225,2.9931
0.94,0.00226,2.66927
0.94,0.00227,2.36408
0.94,0.00228,2.07759
0.94,0.00229,1.80989
0.94,0.0023,1.56107
0.94,0.00231,1.3312
0.94,0.00232,1.12036
0.94,0.00233,0.928676
0.94,0.00234,0.756217
0.94,0.00235,0.603008
0.94,0.00236,0.469117
0.94,0.00237,0.354611
0.94,0.00238,0.253687
0.94,0.00239,0.17138
0.94,0.0024,0.108685
0.94,0.00241,0.0656557
0.94,0.00242,0.0423439
0.94,0.00243,0.0387987
0.94,0.00244,0.0550667
0.94,0.00245,0.0911926
0.94,0.00246,0.147218
0.94,0.00247,0.223183
0.94,0.00248,0.319125
0.94,0.00249,0.435078
0.94,0.0025,0.571076
0.94,0.00251,0.727148
0.94,0.00252,0.902134
0.94,0.00253,1.09699
0.94,0.00254,1.31203
0.94,0.00255,1.54726
0.94,0.00256,1.80272
0.94,0.00257,2.07842
0.94,0.00258,2.37438
0.94,0.00259,2.69061
0.94,0.0026,3.02713
0.94,0.00261,3.38394
0.94,0.00262,3.76105
0.94,0.00263,4.15847
0.94,0.00264,4.5762
0.94,0.00265,5.01426
0.94,0.00266,5.47263
0.94,0.00267,5.94322
0.94,0.00268,6.43351
0.94,0.00269,6.94413
0.94,0.0027,7.47508
0.94,0.00271,8.02636
0.94,0.00272,8.59797
0.94,0.00273,9.18991
0.94,0.00274,9.80218
0.94,0.00275,10.4348
0.94,0.00276,11.0877
0.94,0.00277,11.761
0.94,0.00278,12.4545
0.94,0.00279,13.1684
0.94,0.0028,13.9027
0.945,0.002,16.387
0.945,0.00201,15.6353
0.945,0.00202,14.8996
0.945,0.00203,14.1802
0.945,0.00204,13.4772
0.945,0.00205,12.7907
0.945,0.00206,12.121
0.945,0.00207,11.4681
0.945,0.00208,10.8322
0.945,0.00209,10.2135
0.945,0.0021,9.61202
0.945,0.00211,9.02795
0.945,0.00212,8.46023
0.945,0.00213,7.90944
0.945,0.00214,7.37629
0.945,0.00215,6.86089
0.945,0.00216,6.36338
0.945,0.00217,5.88386
0.945,0.00218,5.42246
0.945,0.00219,4.97927
0.945,0.0022,4.5544
0.945,0.00221,4.14796
0.945,0.00222,3.76006
0.945,0.00223,3.3908
0.945,0.00224,3.04046
0.945,0.00225,2.71032
0.945,0.00226,2.39903
0.945,0.00227,2.10662
0.945,0.00228,1.8332
0.945,0.00229,1.57883
0.945,0.0023,1.34362
0.945,0.00231,1.12763
0.945,0.00232,0.930966
0.945,0.00233,0.753753
0.945,0.00234,0.596002
0.945,0.00235,0.45778
0.945,0.00236,0.339155
0.945,0.00237,0.240196
0.945,0.00238,0.155013
0.945,0.00239,0.0887157
0.945,0.0024,0.0423127
0.945,0.00241,0.0158584
0.945,0.00242,0.00940487
0.945,0.00243,0.023002
0.945,0.00244,0.056697
0.945,0.00245,0.110535
0.945,0.00246,0.184558
0.945,0.00247,0.278806
0.945,0.00248,0.393317
0.945,0.00249,0.528125
0.945,0.0025,0.683264
0.945,0.00251,0.858764
0.945,0.00252,1.05343
0.945,0.00253,1.26824
0.945,0.00254,1.50353
0.945,0.00255,1.7593
0.945,0.00256,2.03558
0.945,0.00257,2.33239
0.945,0.00258,2.64975
0.945,0.00259,2.98766
0.945,0.0026,3.34615
0.945,0.00261,3.72522
0.945,0.00262,4.12488
0.945,0.00263,4.54513
0.945,0.00264,4.98599
0.945,0.00265,5.44745
0.945,0.00266,5.92952
0.945,0.00267,6.42391
0.945,0.00268,6.93827
0.945,0.00269,7.47326
0.945,0.0027,8.02887
0.945,0.00271,8.60511
0.945,0.00272,9.20198
0.945,0.00273,9.81949
0.945,0.00274,10.4576
0.945,0.00275,11.1164
0.945,0.00276,11.7958
0.945,0.00277,12.4959
0.945,0.00278,13.2165
0.945,0.00279,13.9579
0.945,0.0028,14.7198
0.95,0.002,15.8926
0.95,0.00201,15.1473
0.95,0.00202,14.4183
0.95,0.00203,13.7059
0.95,0.00204,13.0101
0.95,0.00205,12.3311
0.95,0.00206,11.6691
0.95,0.00207,11.0242
0.95,0.00208,10.3965
0.95,0.00209,9.78627
0.95,0.0021,9.19355
0.95,0.00211,8.6185
0.95,0.00212,8.06001
0.95,0.00213,7.51867
0.95,0.00214,6.99523
0.95,0.00215,6.48982
0.95,0.00216,6.00257
0.95,0.00217,5.53357
0.95,0.00218,5.08296
0.95,0.00219,4.65083
0.95,0.0022,4.23728
0.95,0.00221,3.84244
0.95,0.00222,3.46642
0.95,0.00223,3.1093
0.95,0.00224,2.77138
0.95,0.00225,2.45393
0.95,0.00226,2.15558
0.95,0.00227,1.8764
0.95,0.00228,1.61648
0.95,0.00229,1.37589
0.95,0.0023,1.15473
0.95,0.00231,0.953084
0.95,0.00232,0.771094
0.95,0.00233,0.608789
0.95,0.00234,0.466223
0.95,0.00235,0.343469
0.95,0.00236,0.240599
0.95,0.00237,0.157681
0.95,0.00238,0.0887402
0.95,0.00239,0.0389589
0.95,0.0024,0.00936042
0.95,0.00241,0
0.95,0.00242,0.0109306
0.95,0.00243,0.0422024
0.95,0.00244,0.0938633
0.95,0.00245,0.165959
0.95,0.00246,0.258531
0.95,0.00247,0.371621
0.95,0.00248,0.505266
0.95,0.00249,0.659501
0.95,0.0025,0.834359
0.95,0.00251,1.02987
0.95,0.00252,1.2448
0.95,0.00253,1.48018
0.95,0.00254,1.73631
0.95,0.00255,2.01322
0.95,0.00256,2.31094
0.95,0.00257,2.62948
0.95,0.00258,2.96886
0.95,0.00259,3.3291
0.95,0.0026,3.7102
0.95,0.00261,4.11217
0.95,0.00262,4.53503
0.95,0.00263,4.97878
0.95,0.00264,5.44342
0.95,0.00265,5.92897
0.95,0.00266,6.43543
0.95,0.00267,6.95429
0.95,0.00268,7.49342
0.95,0.00269,8.05347
0.95,0.0027,8.63445
0.95,0.00271,9.23637
0.95,0.00272,9.85923
0.95,0.00273,10.503
0.95,0.00274,11.1678
0.95,0.00275,11.8535
0.95,0.00276,12.5601
0.95,0.00277,13.2877
0.95,0.00278,14.0363
0.95,0.00279,14.8059
0.95,0.0028,15.5964
0.955,0.002,15.4162
0.955,0.00201,14.6777
0.955,0.00202,13.9557
0.955,0.00203,13.2505
0.955,0.00204,12.5622
0.955,0.00205,11.891
0.955,0.00206,11.237
0.955,0.00207,10.6004
0.955,0.00208,9.98136
0.955,0.00209,9.37995
0.955,0.0021,8.79634
0.955,0.00211,8.23066
0.955,0.00212,7.68176
0.955,0.00213,7.15023
0.955,0.00214,6.63688
0.955,0.00215,6.14185
0.955,0.00216,5.66523
0.955,0.00217,5.20715
0.955,0.00218,4.76772
0.955,0.00219,4.34705
0.955,0.0022,3.94524
0.955,0.00221,3.56242
0.955,0.00222,3.19869
0.955,0.00223,2.85414
0.955,0.00224,2.52907
0.955,0.00225,2.22475
0.955,0.00226,1.9398
0.955,0.00227,1.67429
0.955,0.00228,1.42832
0.955,0.00229,1.20198
0.955,0.0023,0.995351
0.955,0.00231,0.808563
0.955,0.00232,0.641697
0.955,0.00233,0.494784
0.955,0.00234,0.3679
0.955,0.00235,0.26112
0.955,0.00236,0.174516
0.955,0.00237,0.108157
0.955,0.00238,0.0559807
0.955,0.00239,0.0232445
0.955,0.0024,0.0109867
0.955,0.00241,0.0192635
0.955,0.00242,0.0481283
0.955,0.00243,0.0976322
0.955,0.00244,0.167823
0.955,0.00245,0.258747
0.955,0.00246,0.370448
0.955,0.00247,0.502964
0.955,0.00248,0.656336
0.955,0.00249,0.830597
0.955,0.0025,1.02578
0.955,0.00251,1.24192
0.955,0.00252,1.47774
0.955,0.00253,1.73429
0.955,0.00254,2.01191
0.955,0.00255,2.3106
0.955,0.00256,2.63041
0.955,0.00257,2.97133
0.955,0.00258,3.3334
0.955,0.00259,3.71662
0.955,0.0026,4.121
0.955,0.00261,4.54655
0.955,0.00262,4.9933
0.955,0.00263,5.46123
0.955,0.00264,5.95037
0.955,0.00265,6.46071
0.955,0.00266,6.99226
0.955,0.00267,7.53632
0.955,0.00268,8.10094
0.955,0.00269,8.68679
0.955,0.0027,9.29389
0.955,0.00271,9.92224
0.955,0.00272,10.5718
0.955,0.00273,11.2427
0.955,0.00274,11.9349
0.955,0.00275,12.6483
0.955,0.00276,13.383
0.955,0.00277,14.1389
0.955,0.00278,14.9162
0.955,0.00279,15.7148
0.955,0.0028,16.5347
0.96,0.002,14.9584
0.96,0.00201,14.2269
0.96,0.00202,13.5122
0.96,0.00203,12.8146
0.96,0.00204,12.1342
0.96,0.00205,11.4711
0.96,0.00206,10.8255
0.96,0.00207,10.1975
0.96,0.00208,9.58736
0.96,0.00209,8.99514
0.96,0.0021,8.421
0.96,0.00211,7.86507
0.96,0.00212,7.32612
0.96,0.00213,6.8048
0.96,0.00214,6.30194
0.96,0.00215,5.81767
0.96,0.00216,5.35209
0.96,0.00217,4.90533
0.96,0.00218,4.4775
0.96,0.00219,4.06871
0.96,0.0022,3.67908
0.96,0.00221,3.30871
0.96,0.00222,2.95772
0.96,0.00223,2.62619
0.96,0.00224,2.31442
0.96,0.00225,2.02368
0.96,0.00226,1.75259
0.96,0.00227,1.50124
0.96,0.00228,1.26971
0.96,0.00229,1.0581
0.96,0.0023,0.866516
0.96,0.00231,0.695085
0.96,0.00232,0.54383
0.96,0.00233,0.412823
0.96,0.00234,0.302142
0.96,0.00235,0.211864
0.96,0.00236,0.142061
0.96,0.00237,0.0928046
0.96,0.00238,0.0579402
0.96,0.00239,0.042804
0.96,0.0024,0.0484494
0.96,0.00241,0.0749332
0.96,0.00242,0.12231
0.96,0.00243,0.19063
0.96,0.00244,0.279944
0.96,0.00245,0.390297
0.96,0.00246,0.521733
0.96,0.00247,0.674291
0.96,0.00248,0.848012
0.96,0.00249,1.04293
0.96,0.0025,1.25908
0.96,0.00251,1.49648
0.96,0.00252,1.75384
0.96,0.00253,2.03224
0.96,0.00254,2.332
0.96,0.00255,2.65315
0.96,0.00256,2.99572
0.96,0.00257,3.35971
0.96,0.00258,3.74515
0.96,0.00259,4.15206
0.96,0.0026,4.58043
0.96,0.00261,5.03029
0.96,0.00262,5.50164
0.96,0.00263,5.99449
0.96,0.00264,6.50885
0.96,0.00265,7.04472
0.96,0.00266,7.60212
0.96,0.00267,8.17214
0.96,0.00268,8.76301
0.96,0.00269,9.37545
0.96,0.0027,10.0094
0.96,0.00271,10.665
0.96,0.00272,11.3422
0.96,0.00273,12.0409
0.96,0.00274,12.7613
0.96,0.00275,13.5032
0.96,0.00276,14.2668
0.96,0.00277,15.052
0.96,0.00278,15.8589
0.96,0.00279,16.6873
0.96,0.0028,17.5374
0.965,0.002,14.5197
0.965,0.00201,13.7955
0.965,0.00202,13.0885
0.965,0.00203,12.3988
0.965,0.00204,11.7265
0.965,0.00205,11.0718
0.965,0.00206,10.435
0.965,0.00207,9.81601
0.965,0.00208,9.21514
0.965,0.00209,8.6325
0.965,0.0021,8.06821
0.965,0.00211,7.52242
0.965,0.00212,6.99382
0.965,0.00213,6.48311
0.965,0.00214,5.99115
0.965,0.00215,5.51805
0.965,0.00216,5.06393
0.965,0.00217,4.62892
0.965,0.00218,4.21313
0.965,0.00219,3.81667
0.965,0.0022,3.43966
0.965,0.00221,3.0822
0.965,0.00222,2.74441
0.965,0.00223,2.42637
0.965,0.00224,2.12839
0.965,0.00225,1.85172
0.965,0.00226,1.59498
0.965,0.00227,1.35828
0.965,0.00228,1.14169
0.965,0.00229,0.94533
0.965,0.0023,0.769341
0.965,0.00231,0.613758
0.965,0.00232,0.478645
0.965,0.00233,0.364085
0.965,0.00234,0.270155
0.965,0.00235,0.196933
0.965,0.00236,0.144494
0.965,0.00237,0.112909
0.965,0.00238,0.0959328
0.965,0.00239,0.09898
0.965,0.0024,0.12312
0.965,0.00241,0.16841
0.965,0.00242,0.234906
0.965,0.00243,0.322659
0.965,0.00244,0.431719
0.965,0.00245,0.562132
0.965,0.00246,0.713943
0.965,0.00247,0.887192
0.965,0.00248,1.08192
0.965,0.00249,1.29815
0.965,0.0025,1.53594
0.965,0.00251,1.79529
0.965,0.00252,2.07488
0.965,0.00253,2.37581
0.965,0.00254,2.69842
0.965,0.00255,3.04274
0.965,0.00256,3.40878
0.965,0.00257,3.79658
0.965,0.00258,4.20613
0.965,0.00259,4.63745
0.965,0.0026,5.09056
0.965,0.00261,5.56547
0.965,0.00262,6.06219
0.965,0.00263,6.58073
0.965,0.00264,7.1211
0.965,0.00265,7.6833
0.965,0.00266,8.26734
0.965,0.00267,8.86411
0.965,0.00268,9.48205
0.965,0.00269,10.1219
0.965,0.0027,10.7836
0.965,0.00271,11.4672
0.965,0.00272,12.1728
0.965,0.00273,12.9003
0.965,0.00274,13.6497
0.965,0.00275,14.4211
0.965,0.00276,15.2144
0.965,0.00277,16.0298
0.965,0.00278,16.8671
0.965,0.00279,17.7264
0.965,0.0028,18.6076
0.97,0.002,14.1006
0.97,0.00201,13.3841
0.97,0.00202,12.685
0.97,0.00203,12.0035
0.97,0.00204,11.3398
0.97,0.00205,10.6939
0.97,0.00206,10.0662
0.97,0.00207,9.45659
0.97,0.00208,8.86539
0.97,0.00209,8.29271
0.97,0.0021,7.73868
0.97,0.00211,7.20344
0.97,0.00212,6.68562
0.97,0.00213,6.18594
0.97,0.00214,5.70529
0.97,0.00215,5.24381
0.97,0.00216,4.8016
0.97,0.00217,4.3788
0.97,0.00218,3.97551
0.97,0.00219,3.59185
0.97,0.0022,3.22793
0.97,0.00221,2.88387
0.97,0.00222,2.55977
0.97,0.00223,2.25572
0.97,0.00224,1.97204
0.97,0.00225,1.70993
0.97,0.00226,1.46807
0.97,0.00227,1.24653
0.97,0.00228,1.04542
0.97,0.00229,0.864886
0.97,0.0023,0.705004
0.97,0.00231,0.565815
0.97,0.00232,0.447407
0.97,0.00233,0.34986
0.97,0.00234,0.273257
0.97,0.00235,0.217676
0.97,0.00236,0.183192
0.97,0.00237,0.16988
0.97,0.00238,0.171398
0.97,0.00239,0.193244
0.97,0.0024,0.236501
0.97,0.00241,0.30123
0.97,0.00242,0.387486
0.97,0.00243,0.495322
0.97,0.00244,0.624787
0.97,0.00245,0.775929
0.97,0.00246,0.948792
0.97,0.00247,1.14342
0.97,0.00248,1.35984
0.97,0.00249,1.5981
0.97,0.0025,1.85823
0.97,0.00251,2.14026
0.97,0.00252,2.4428
0.97,0.00253,2.767
0.97,0.00254,3.11321
0.97,0.00255,3.48144
0.97,0.00256,3.87173
0.97,0.00257,4.28409
0.97,0.00258,4.71852
0.97,0.00259,5.17506
0.97,0.0026,5.6537
0.97,0.00261,6.15446
0.97,0.00262,6.67736
0.97,0.00263,7.2224
0.97,0.00264,7.7896
0.97,0.00265,8.37895
0.97,0.00266,8.99048
0.97,0.00267,9.61486
0.97,0.00268,10.2607
0.97,0.00269,10.9288
0.97,0.0027,11.6191
0.97,0.00271,12.3317
0.97,0.00272,13.0666
0.97,0.00273,13.8237
0.97,0.00274,14.6031
0.97,0.00275,15.4048
0.97,0.00276,16.2289
0.97,0.00277,17.0753
0.97,0.00278,17.944
0.97,0.00279,18.8351
0.97,0.0028,19.7486
0.975,0.002,13.7017
0.975,0.00201,12.9933
0.975,0.00202,12.3025
0.975,0.00203,11.6296
0.975,0.00204,10.9747
0.975,0.00205,10.338
0.975,0.00206,9.71974
0.975,0.00207,9.11996
0.975,0.00208,8.53884
0.975,0.00209,7.97654
0.975,0.0021,7.43319
0.975,0.00211,6.90894
0.975,0.00212,6.40234
0.975,0.00213,5.91413
0.975,0.00214,5.44526
0.975,0.00215,4.99585
0.975,0.00216,4.56603
0.975,0.00217,4.15592
0.975,0.00218,3.76562
0.975,0.00219,3.39525
0.975,0.0022,3.04493
0.975,0.00221,2.71478
0.975,0.00222,2.40489
0.975,0.00223,2.11535
0.975,0.00224,1.8465
0.975,0.00225,1.5995
0.975,0.00226,1.37305
0.975,0.00227,1.16724
0.975,0.00228,0.982193
0.975,0.00229,0.818045
0.975,0.0023,0.674825
0.975,0.00231,0.552615
0.975,0.00232,0.451502
0.975,0.00233,0.371569
0.975,0.00234,0.312901
0.975,0.00235,0.275576
0.975,0.00236,0.259674
0.975,0.00237,0.265268
0.975,0.00238,0.285923
0.975,0.00239,0.327217
0.975,0.0024,0.390252
0.975,0.00241,0.475089
0.975,0.00242,0.581784
0.975,0.00243,0.710391
0.975,0.00244,0.860961
0.975,0.00245,1.03354
0.975,0.00246,1.22817
0.975,0.00247,1.4449
0.975,0.00248,1.68376
0.975,0.00249,1.9448
0.975,0.0025,2.22803
0.975,0.00251,2.5335
0.975,0.00252,2.85977
0.975,0.00253,3.20802
0.975,0.00254,3.57862
0.975,0.00255,3.97157
0.975,0.00256,4.38691
0.975,0.00257,4.82465
0.975,0.00258,5.2848
0.975,0.00259,5.76738
0.975,0.0026,6.2724
0.975,0.00261,6.79987
0.975,0.00262,7.34981
0.975,0.00263,7.92222
0.975,0.00264,8.51713
0.975,0.00265,9.13453
0.975,0.00266,9.77444
0.975,0.00267,10.4273
0.975,0.00268,11.102
0.975,0.00269,11.7993
0.975,0.0027,12.5192
0.975,0.00271,13.2616
0.975,0.00272,14.0267
0.975,0.00273,14.8144
0.975,0.00274,15.6248
0.975,0.00275,16.4579
0.975,0.00276,17.3137
0.975,0.00277,18.1921
0.975,0.00278,19.0933
0.975,0.00279,20.0172
0.975,0.0028,20.9639
0.98,0.002,13.3237
0.98,0.00201,12.6236
0.98,0.00202,11.9415
0.98,0.00203,11.2776
0.98,0.00204,10.632
0.98,0.00205,10.0049
0.98,0.00206,9.39648
0.98,0.00207,8.8069
0.98,0.00208,8.23629
0.98,0.00209,7.68481
0.98,0.0021,7.1526
0.98,0.00211,6.63979
0.98,0.00212,6.14487
0.98,0.00213,5.66861
0.98,0.00214,5.21201
0.98,0.00215,4.77517
0.98,0.00216,4.35824
0.98,0.00217,3.96132
0.98,0.00218,3.58453
0.98,0.00219,3.22799
0.98,0.0022,2.8918
0.98,0.00221,2.5761
0.98,0.00222,2.28097
0.98,0.00223,2.0065
0.98,0.00224,1.75304
0.98,0.00225,1.52172
0.98,0.00226,1.31126
0.98,0.00227,1.12177
0.98,0.00228,0.953412
0.98,0.00229,0.806222
0.98,0.0023,0.680275
0.98,0.00231,0.575661
0.98,0.00232,0.492468
0.98,0.00233,0.430785
0.98,0.00234,0.390695
0.98,0.00235,0.37228
0.98,0.00236,0.375621
0.98,0.00237,0.400795
0.98,0.00238,0.441266
0.98,0.00239,0.502698
0.98,0.0024,0.586212
0.98,0.00241,0.691869
0.98,0.00242,0.819726
0.98,0.00243,0.969837
0.98,0.00244,1.14225
0.98,0.00245,1.33703
0.98,0.00246,1.5542
0.98,0.00247,1.79381
0.98,0.00248,2.05589
0.98,0.00249,2.3405
0.98,0.0025,2.64765
0.98,0.00251,2.97737
0.98,0.00252,3.32821
0.98,0.00253,3.70136
0.98,0.00254,4.09719
0.98,0.00255,4.51572
0.98,0.00256,4.95698
0.98,0.00257,5.42098
0.98,0.00258,5.90773
0.98,0.00259,6.41725
0.98,0.0026,6.94955
0.98,0.00261,7.50464
0.98,0.00262,8.08254
0.98,0.00263,8.68326
0.98,0.00264,9.30681
0.98,0.00265,9.95321
0.98,0.00266,10.6225
0.98,0.00267,11.3048
0.98,0.00268,12.0093
0.98,0.00269,12.7368
0.98,0.0027,13.4871
0.98,0.00271,14.2605
0.98,0.00272,15.0568
0.98,0.00273,15.8762
0.98,0.00274,16.7186
0.98,0.00275,17.584
0.98,0.00276,18.4725
0.98,0.00277,19.3841
0.98,0.00278,20.3189
0.98,0.00279,21.2767
0.98,0.0028,22.2576
0.985,0.002,12.9672
0.985,0.00201,12.2759
0.985,0.00202,11.6028
0.985,0.00203,10.9482
0.985,0.00204,10.3123
0.985,0.00205,9.69527
0.985,0.00206,9.09718
0.985,0.00207,8.51825
0.985,0.00208,7.95861
0.985,0.00209,7.41843
0.985,0.0021,6.89783
0.985,0.00211,6.39695
0.985,0.00212,5.91421
0.985,0.00213,5.45041
0.985,0.00214,5.00659
0.985,0.00215,4.58286
0.985,0.00216,4.17935
0.985,0.00217,3.79617
0.985,0.00218,3.43345
0.985,0.00219,3.09129
0.985,0.0022,2.76981
0.985,0.00221,2.46913
0.985,0.00222,2.18934
0.985,0.00223,1.93054
0.985,0.00224,1.69308
0.985,0.00225,1.47805
0.985,0.00226,1.28421
0.985,0.00227,1.11169
0.985,0.00228,0.960617
0.985,0.00229,0.831017
0.985,0.0023,0.72299
0.985,0.00231,0.636628
0.985,0.00232,0.572023
0.985,0.00233,0.529262
0.985,0.00234,0.508435
0.985,0.00235,0.509624
0.985,0.00236,0.532913
0.985,0.00237,0.578381
0.985,0.00238,0.639393
0.985,0.00239,0.7217
0.985,0.0024,0.82644
0.985,0.00241,0.953675
0.985,0.00242,1.10347
0.985,0.00243,1.27587
0.985,0.00244,1.47093
0.985,0.00245,1.6887
0.985,0.00246,1.92923
0.985,0.00247,2.19256
0.985,0.00248,2.47872
0.985,0.00249,2.78775
0.985,0.0025,3.11969
0.985,0.00251,3.47456
0.985,0.00252,3.85085
0.985,0.00253,4.2498
0.985,0.00254,4.67179
0.985,0.00255,5.11683
0.985,0.00256,5.58495
0.985,0.00257,6.07615
0.985,0.00258,6.59045
0.985,0.00259,7.12788
0.985,0.0026,7.68844
0.985,0.00261,8.27213
0.985,0.00262,8.87899
0.985,0.00263,9.50902
0.985,0.00264,10.1622
0.985,0.00265,10.8386
0.985,0.00266,11.5383
0.985,0.00267,12.2511
0.985,0.00268,12.9865
0.985,0.00269,13.7451
0.985,0.0027,14.5271
0.985,0.00271,15.3324
0.985,0.00272,16.1611
0.985,0.00273,17.0132
0.985,0.00274,17.8887
0.985,0.00275,18.7876
0.985,0.00276,19.71
0.985,0.00277,20.6559
0.985,0.00278,21.6253
0.985,0.00279,22.6181
0.985,0.0028,23.6345
0.99,0.002,12.6329
0.99,0.00201,11.9507
0.99,0.00202,11.2872
0.99,0.00203,10.6424
0.99,0.00204,10.0166
0.99,0.00205,9.41002
0.99,0.00206,8.82273
0.99,0.00207,8.25493
0.99,0.00208,7.70675
0.99,0.00209,7.17836
0.99,0.0021,6.66989
0.99,0.00211,6.18148
0.99,0.00212,5.71145
0.99,0.00213,5.26066
0.99,0.00214,4.83017
0.99,0.00215,4.42011
0.99,0.00216,4.0306
0.99,0.00217,3.66176
0.99,0.00218,3.3137
0.99,0.00219,2.98653
0.99,0.0022,2.68037
0.99,0.00221,2.39534
0.99,0.00222,2.13152
0.99,0.00223,1.88903
0.99,0.00224,1.66821
0.99,0.00225,1.47012
0.99,0.00226,1.29356
0.99,0.00227,1.1387
0.99,0.00228,1.00556
0.99,0.00229,0.894233
0.99,0.0023,0.804816
0.99,0.00231,0.737406
0.99,0.00232,0.692096
0.99,0.00233,0.668978
0.99,0.00234,0.668143
0.99,0.00235,0.689677
0.99,0.00236,0.733666
0.99,0.00237,0.800194
0.99,0.00238,0.882521
0.99,0.00239,0.98649
0.99,0.0024,1.11326
0.99,0.00241,1.26289
0.99,0.00242,1.43544
0.99,0.00243,1.63097
0.99,0.00244,1.84954
0.99,0.00245,2.09119
0.99,0.00246,2.35597
0.99,0.00247,2.64391
0.99,0.00248,2.95507
0.99,0.00249,3.28946
0.99,0.0025,3.64713
0.99,0.00251,4.0281
0.99,0.00252,4.43083
0.99,0.00253,4.85656
0.99,0.00254,5.3057
0.99,0.00255,5.77826
0.99,0.00256,6.27425
0.99,0.00257,6.79369
0.99,0.00258,7.33659
0.99,0.00259,7.90297
0.99,0.0026,8.49285
0.99,0.00261,9.10622
0.99,0.00262,9.74311
0.99,0.00263,10.4035
0.99,0.00264,11.0875
0.99,0.00265,11.795
0.99,0.00266,12.5261
0.99,0.00267,13.2706
0.99,0.00268,14.0379
0.99,0.00269,14.8289
0.99,0.0027,15.6436
0.99,0.00271,16.482
0.99,0.00272,17.3442
0.99,0.00273,18.2302
0.99,0.00274,19.14
0.99,0.00275,20.0736
0.99,0.00276,21.0311
0.99,0.00277,22.0125
0.99,0.00278,23.0177
0.99,0.00279,24.0468
0.99,0.0028,25.102
0.995,0.002,12.3217
0.995,0.00201,11.6491
0.995,0.00202,10.9955
0.995,0.00203,10.3609
0.995,0.00204,9.74578
0.995,0.00205,9.15011
0.995,0.00206,8.57412
0.995,0.00207,8.01795
0.995,0.00208,7.48177
0.995,0.00209,6.96571
0.995,0.0021,6.46992
0.995,0.00211,5.99454
0.995,0.00212,5.53781
0.995,0.00213,5.10062
0.995,0.00214,4.68407
0.995,0.00215,4.2883
0.995,0.00216,3.91342
0.995,0.00217,3.55954
0.995,0.00218,3.22679
0.995,0.00219,2.91526
0.995,0.0022,2.62509
0.995,0.00221,2.35637
0.995,0.00222,2.10921
0.995,0.00223,1.88372
0.995,0.00224,1.68022
0.995,0.00225,1.49978
0.995,0.00226,1.34126
0.995,0.00227,1.20472
0.995,0.00228,1.09024
0.995,0.00229,0.997917
0.995,0.0023,0.927851
0.995,0.00231,0.880142
0.995,0.00232,0.854887
0.995,0.00233,0.852181
0.995,0.00234,0.872119
0.995,0.00235,0.914792
0.995,0.00236,0.980289
0.995,0.00237,1.0687
0.995,0.00238,1.17317
0.995,0.00239,1.29965
0.995,0.0024,1.44931
0.995,0.00241,1.62221
0.995,0.00242,1.81842
0.995,0.00243,2.03801
0.995,0.00244,2.28101
0.995,0.00245,2.54749
0.995,0.00246,2.83748
0.995,0.00247,3.15103
0.995,0.00248,3.48818
0.995,0.00249,3.84896
0.995,0.0025,4.2334
0.995,0.00251,4.64153
0.995,0.00252,5.07175
0.995,0.00253,5.52535
0.995,0.00254,6.00273
0.995,0.00255,6.50391
0.995,0.00256,7.0289
0.995,0.00257,7.57771
0.995,0.00258,8.15036
0.995,0.00259,8.74685
0.995,0.0026,9.36719
0.995,0.00261,10.0114
0.995,0.00262,10.6795
0.995,0.00263,11.3715
0.995,0.00264,12.0874
0.995,0.00265,12.8272
0.995,0.00266,13.591
0.995,0.00267,14.3683
0.995,0.00268,15.1688
0.995,0.00269,15.9934
0.995,0.0027,16.8421
0.995,0.00271,17.7149
0.995,0.00272,18.6118
0.995,0.00273,19.5329
0.995,0.00274,20.4783
0.995,0.00275,21.4479
0.995,0.00276,22.4417
0.995,0.00277,23.4598
0.995,0.00278,24.5023
0.995,0.00279,25.5715
0.995,0.0028,26.6688
1,0.002,12.0344
1,0.00201,11.3719
1,0.00202,10.7286
1,0.00203,10.1048
1,0.00204,9.50077
1,0.00205,8.91658
1,0.00206,8.35241
1,0.00207,7.80845
1,0.00208,7.28482
1,0.00209,6.78169
1,0.0021,6.29919
1,0.00211,5.83747
1,0.00212,5.39467
1,0.00213,4.97172
1,0.00214,4.56978
1,0.00215,4.18897
1,0.00216,3.8294
1,0.00217,3.49118
1,0.00218,3.17444
1,0.00219,2.87927
1,0.0022,2.6058
1,0.00221,2.35414
1,0.00222,2.12437
1,0.00223,1.91663
1,0.00224,1.73121
1,0.00225,1.56921
1,0.00226,1.42945
1,0.00227,1.312
1,0.00228,1.21696
1,0.00229,1.14443
1,0.0023,1.09451
1,0.00231,1.06731
1,0.00232,1.06293
1,0.00233,1.08146
1,0.00234,1.12301
1,0.00235,1.18768
1,0.00236,1.27555
1,0.00237,1.38672
1,0.00238,1.51425
1,0.00239,1.66415
1,0.0024,1.83764
1,0.00241,2.03478
1,0.00242,2.25563
1,0.00243,2.50026
1,0.00244,2.76872
1,0.00245,3.06106
1,0.00246,3.37734
1,0.00247,3.71758
1,0.00248,4.08183
1,0.00249,4.47013
1,0.0025,4.88249
1,0.00251,5.31894
1,0.00252,5.77785
1,0.00253,6.26052
1,0.00254,6.76737
1,0.00255,7.29841
1,0.00256,7.85364
1,0.00257,8.43308
1,0.00258,9.03673
1,0.00259,9.66461
1,0.0026,10.3167
1,0.00261,10.9931
1,0.00262,11.6937
1,0.00263,12.4186
1,0.00264,13.1677
1,0.00265,13.9412
1,0.00266,14.739
1,0.00267,15.5504
1,0.00268,16.3855
1,0.00269,17.2449
1,0.0027,18.1289
1,0.00271,19.0374
1,0.00272,19.9704
1,0.00273,20.928
1,0.00274,21.9103
1,0.00275,22.9172
1,0.00276,23.9488
1,0.00277,25.0051
1,0.00278,26.089
1,0.00279,27.2014
1,0.0028,28.3424
